-- =========================================================
-- USERS
-- =========================================================

INSERT INTO users (email_verified, created_at, deleted_at, deletion_requested_at, id, last_active_at, display_name, email, family_name, first_name, hashed_password, phone, status) VALUES (TRUE, '2026-04-21 06:45:19+01', NULL, NULL, 3, '2026-06-11 17:20:43+01', 'Seifeddine Jlassi', 'seifeddine.jlassi168@topnet.tn', 'Jlassi', 'Seifeddine', '$2b$12$Xye4JSnE2NiiUHUAKw9iEU1jjQKxKDpI6Qh2UVvs', '+21694835030', 'ACTIVE');
INSERT INTO users (email_verified, created_at, deleted_at, deletion_requested_at, id, last_active_at, display_name, email, family_name, first_name, hashed_password, phone, status) VALUES (TRUE, '2026-06-25 18:13:09+01', NULL, NULL, 5, '2026-06-28 08:02:42+01', 'Rachid Nasri', 'rachid.nasri109@outlook.com', 'Nasri', 'Rachid', '$2b$12$754LEgw9YooJeTY8HhO6kGL75UQSyPx3BpdbIKaR', '+21658932528', 'ACTIVE');
INSERT INTO users (email_verified, created_at, deleted_at, deletion_requested_at, id, last_active_at, display_name, email, family_name, first_name, hashed_password, phone, status) VALUES (TRUE, '2026-01-14 02:57:14+01', NULL, NULL, 7, '2026-05-06 07:37:13+01', 'Mohamed Zouari', 'mohamed.zouari220@gnet.tn', 'Zouari', 'Mohamed', '$2b$12$fOvz1dOOdTXglHilC2eY1gOHafUozD13kay5WrRT', '+21629973763', 'ACTIVE');
INSERT INTO users (email_verified, created_at, deleted_at, deletion_requested_at, id, last_active_at, display_name, email, family_name, first_name, hashed_password, phone, status) VALUES (TRUE, '2026-02-04 14:38:15+01', NULL, NULL, 9, '2026-02-13 03:52:35+01', 'Rania Ferjani', 'rania.ferjani754@gnet.tn', 'Ferjani', 'Rania', '$2b$12$j7elKPoh3pKMzKG5mSoyPstUeC99enq522wjZRL9', '+21625009788', 'ACTIVE');
INSERT INTO users (email_verified, created_at, deleted_at, deletion_requested_at, id, last_active_at, display_name, email, family_name, first_name, hashed_password, phone, status) VALUES (FALSE, '2026-06-18 12:22:01+01', NULL, NULL, 11, '2026-06-29 07:58:13+01', 'Yassine Sassi', 'yassine.sassi271@gmail.com', 'Sassi', 'Yassine', '$2b$12$mNqE40fAraVNqTIAae24HZKjht3X13npgW2zMj51', '+21628244935', 'ACTIVE');
INSERT INTO users (email_verified, created_at, deleted_at, deletion_requested_at, id, last_active_at, display_name, email, family_name, first_name, hashed_password, phone, status) VALUES (TRUE, '2026-02-02 16:59:25+01', NULL, '2026-05-29 14:22:54+01', 13, NULL, 'Nadia Trabelsi', 'nadia.trabelsi422@yahoo.fr', 'Trabelsi', 'Nadia', '$2b$12$YCsXoblu17rNy8H6h8l7qgATtLFxJpRa5HSUPweP', '+21692160733', 'PENDING_DELETION');
INSERT INTO users (email_verified, created_at, deleted_at, deletion_requested_at, id, last_active_at, display_name, email, family_name, first_name, hashed_password, phone, status) VALUES (TRUE, '2026-05-11 05:58:31+01', NULL, NULL, 15, '2026-05-26 21:27:16+01', 'Zied Chaabane', 'zied.chaabane419@outlook.com', 'Chaabane', 'Zied', '$2b$12$MsHarAJOCBnD3XkfFNuYUPnmbpD0ezNmREpOaUVg', '+21694823662', 'ACTIVE');
INSERT INTO users (email_verified, created_at, deleted_at, deletion_requested_at, id, last_active_at, display_name, email, family_name, first_name, hashed_password, phone, status) VALUES (TRUE, '2026-03-26 04:25:48+01', NULL, NULL, 17, '2026-06-22 20:33:57+01', 'Omar Yahyaoui', 'omar.yahyaoui125@topnet.tn', 'Yahyaoui', 'Omar', '$2b$12$Y3A4Bj1BU0rWEoBSou3ejxjnzuCdZyV6b2JD6sy3', '+21627889579', 'ACTIVE');
INSERT INTO users (email_verified, created_at, deleted_at, deletion_requested_at, id, last_active_at, display_name, email, family_name, first_name, hashed_password, phone, status) VALUES (FALSE, '2026-05-25 17:01:44+01', NULL, NULL, 19, NULL, 'Rachid Zribi', 'rachid.zribi500@yahoo.fr', 'Zribi', 'Rachid', '$2b$12$058H4KPfA1lquCu2r6AZDUd7ne7cbp0MoDh6CpwL', '+21696706562', 'PENDING_VERIFICATION');
INSERT INTO users (email_verified, created_at, deleted_at, deletion_requested_at, id, last_active_at, display_name, email, family_name, first_name, hashed_password, phone, status) VALUES (TRUE, '2026-06-24 11:10:13+01', NULL, NULL, 21, '2026-06-24 15:05:41+01', 'Asma Guesmi', 'asma.guesmi320@gnet.tn', 'Guesmi', 'Asma', '$2b$12$RsQXXJcHPeOaAEAw3CjkGOM5WCZKtp5rBUJPuEuE', '+21656631931', 'ACTIVE');
INSERT INTO users (email_verified, created_at, deleted_at, deletion_requested_at, id, last_active_at, display_name, email, family_name, first_name, hashed_password, phone, status) VALUES (TRUE, '2026-04-11 15:41:12+01', NULL, NULL, 23, '2026-04-26 23:20:20+01', 'Walid Ouali', 'walid.ouali248@topnet.tn', 'Ouali', 'Walid', '$2b$12$szpPwIv9IvCtoStU6QlTrKVL8ZswsRhcds6NUgar', '+21698377701', 'ACTIVE');
INSERT INTO users (email_verified, created_at, deleted_at, deletion_requested_at, id, last_active_at, display_name, email, family_name, first_name, hashed_password, phone, status) VALUES (TRUE, '2026-06-20 04:41:15+01', NULL, NULL, 25, '2026-06-28 22:35:02+01', 'Mohamed Nasri', 'mohamed.nasri411@topnet.tn', 'Nasri', 'Mohamed', '$2b$12$9hVLXnGBB19sMLT6mnOjkeaBKsoRRCQ5WMO5AHO4', '+21629022941', 'ACTIVE');
INSERT INTO users (email_verified, created_at, deleted_at, deletion_requested_at, id, last_active_at, display_name, email, family_name, first_name, hashed_password, phone, status) VALUES (TRUE, '2026-04-18 17:43:50+01', NULL, NULL, 27, '2026-06-25 01:45:01+01', 'Amine Sassi', 'amine.sassi450@gmail.com', 'Sassi', 'Amine', '$2b$12$ecAtpf7ZJ69PqcUDO4lKNEfvuP1uRr6YICtu8zF9', '+21694648877', 'INACTIVE');
INSERT INTO users (email_verified, created_at, deleted_at, deletion_requested_at, id, last_active_at, display_name, email, family_name, first_name, hashed_password, phone, status) VALUES (TRUE, '2026-02-04 04:36:27+01', NULL, NULL, 29, '2026-05-26 02:49:40+01', 'Chedi Gharbi', 'chedi.gharbi641@topnet.tn', 'Gharbi', 'Chedi', '$2b$12$h8LojIIf94ChZESFqZ8pIx5F21rWz5FYrsK9EjHv', '+21623482477', 'ACTIVE');
INSERT INTO users (email_verified, created_at, deleted_at, deletion_requested_at, id, last_active_at, display_name, email, family_name, first_name, hashed_password, phone, status) VALUES (TRUE, '2026-06-07 07:06:52+01', '2026-06-12 22:00:44+01', NULL, 31, NULL, 'Fares Turki', 'fares.turki393@yahoo.fr', 'Turki', 'Fares', '$2b$12$7h7ug0g4ai18eWqMyeuPH7M3EHMoQrof8VRgksbu', '+21690576627', 'DELETED');
INSERT INTO users (email_verified, created_at, deleted_at, deletion_requested_at, id, last_active_at, display_name, email, family_name, first_name, hashed_password, phone, status) VALUES (TRUE, '2026-02-14 09:51:47+01', NULL, NULL, 33, '2026-05-18 10:10:15+01', 'Chedi Ferjani', 'chedi.ferjani185@yahoo.fr', 'Ferjani', 'Chedi', '$2b$12$iCppaX3QjBvKNAp0mxDoJJ9s8OrJQUdLE4rXLvNM', '+21621969379', 'ACTIVE');
INSERT INTO users (email_verified, created_at, deleted_at, deletion_requested_at, id, last_active_at, display_name, email, family_name, first_name, hashed_password, phone, status) VALUES (TRUE, '2026-04-24 17:34:14+01', NULL, NULL, 35, NULL, 'Sarra Belhaj', 'sarra.belhaj662@gmail.com', 'Belhaj', 'Sarra', '$2b$12$uzmW2wFqk467s1XDeUnPPy0IfyqhwUqxNxPDM6uL', '+21697095214', 'PENDING_VERIFICATION');
INSERT INTO users (email_verified, created_at, deleted_at, deletion_requested_at, id, last_active_at, display_name, email, family_name, first_name, hashed_password, phone, status) VALUES (TRUE, '2026-04-28 12:30:19+01', NULL, NULL, 37, '2026-05-01 09:24:34+01', 'Olfa Sassi', 'olfa.sassi39@outlook.com', 'Sassi', 'Olfa', '$2b$12$x6RHKT2OZM6rQnBow8w3Ndr86ZfnN8du9WmZIKYo', '+21691138267', 'ACTIVE');
INSERT INTO users (email_verified, created_at, deleted_at, deletion_requested_at, id, last_active_at, display_name, email, family_name, first_name, hashed_password, phone, status) VALUES (TRUE, '2026-02-20 09:09:16+01', '2026-06-29 04:56:59+01', NULL, 39, NULL, 'Yosra Ben Ali', 'yosra.benali554@outlook.com', 'Ben Ali', 'Yosra', '$2b$12$ukdTGUDWFgF6cW1GC7dDyQE4efLerNHu9GCLgR0O', '+21621020539', 'DELETED');
INSERT INTO users (email_verified, created_at, deleted_at, deletion_requested_at, id, last_active_at, display_name, email, family_name, first_name, hashed_password, phone, status) VALUES (TRUE, '2026-03-23 20:08:09+01', NULL, NULL, 41, '2026-04-26 09:23:28+01', 'Ghada Fakhfakh', 'ghada.fakhfakh465@topnet.tn', 'Fakhfakh', 'Ghada', '$2b$12$QDffAUxid7IPz26A4drtgFjD0vIhroAIVMPILOQb', '+21691565452', 'ACTIVE');
INSERT INTO users (email_verified, created_at, deleted_at, deletion_requested_at, id, last_active_at, display_name, email, family_name, first_name, hashed_password, phone, status) VALUES (TRUE, '2026-01-02 10:27:01+01', NULL, NULL, 43, NULL, 'Khadija Ayari', 'khadija.ayari580@topnet.tn', 'Ayari', 'Khadija', '$2b$12$Cjtu6K2jUdfBALznFvgQKGtn9dm6VVrhEAiHoIPv', '+21622018366', 'SUSPENDED');
INSERT INTO users (email_verified, created_at, deleted_at, deletion_requested_at, id, last_active_at, display_name, email, family_name, first_name, hashed_password, phone, status) VALUES (TRUE, '2026-03-25 07:39:19+01', NULL, NULL, 45, '2026-04-24 20:19:30+01', 'Nadia Trabelsi', 'nadia.trabelsi440@gnet.tn', 'Trabelsi', 'Nadia', '$2b$12$XMZ5f0pKGytvukFhF4vTYYojmLVOkVEUVB5INM1M', '+21696416052', 'ACTIVE');
INSERT INTO users (email_verified, created_at, deleted_at, deletion_requested_at, id, last_active_at, display_name, email, family_name, first_name, hashed_password, phone, status) VALUES (TRUE, '2026-05-25 01:42:00+01', NULL, NULL, 47, '2026-06-07 00:13:07+01', 'Fares Sassi', 'fares.sassi76@outlook.com', 'Sassi', 'Fares', '$2b$12$MFCIX3BYOtDjdg3vSFkpBBGjxrzuLWOefQrSO42u', '+21697005411', 'ACTIVE');
INSERT INTO users (email_verified, created_at, deleted_at, deletion_requested_at, id, last_active_at, display_name, email, family_name, first_name, hashed_password, phone, status) VALUES (TRUE, '2026-06-25 00:03:40+01', NULL, NULL, 49, '2026-06-27 06:54:40+01', 'Aymen Sassi', 'aymen.sassi610@gmail.com', 'Sassi', 'Aymen', '$2b$12$Fbt6vVl9jsWFHTGP2MLjlQM3ScwS8LUWoo7W4mQJ', '+21698652816', 'ACTIVE');
INSERT INTO users (email_verified, created_at, deleted_at, deletion_requested_at, id, last_active_at, display_name, email, family_name, first_name, hashed_password, phone, status) VALUES (TRUE, '2026-04-02 02:35:30+01', NULL, NULL, 51, '2026-04-16 15:34:09+01', 'Asma Cherif', 'asma.cherif205@gnet.tn', 'Cherif', 'Asma', '$2b$12$0rVq4jB6nBvbdFo9xb50OXirZRiRBaepZITGgrsc', '+21624075818', 'ACTIVE');
INSERT INTO users (email_verified, created_at, deleted_at, deletion_requested_at, id, last_active_at, display_name, email, family_name, first_name, hashed_password, phone, status) VALUES (FALSE, '2026-01-21 08:14:11+01', NULL, NULL, 53, NULL, 'Olfa Jlassi', 'olfa.jlassi612@gnet.tn', 'Jlassi', 'Olfa', '$2b$12$MozPf8eGF9IyDN8pbWvTMVTucHYkWCRNYdWCscmc', '+21628932460', 'PENDING_VERIFICATION');
INSERT INTO users (email_verified, created_at, deleted_at, deletion_requested_at, id, last_active_at, display_name, email, family_name, first_name, hashed_password, phone, status) VALUES (TRUE, '2026-03-27 18:46:04+01', NULL, NULL, 55, '2026-05-28 06:29:52+01', 'Yassine Zribi', 'yassine.zribi293@outlook.com', 'Zribi', 'Yassine', '$2b$12$3x8EE5GXTeLYHteOtLAQvc1v9r86eNwXQ7iLWceW', '+21625415667', 'ACTIVE');
INSERT INTO users (email_verified, created_at, deleted_at, deletion_requested_at, id, last_active_at, display_name, email, family_name, first_name, hashed_password, phone, status) VALUES (TRUE, '2026-04-20 13:16:14+01', NULL, NULL, 57, '2026-06-27 04:27:03+01', 'Jamel Bouazizi', 'jamel.bouazizi381@topnet.tn', 'Bouazizi', 'Jamel', '$2b$12$phTExIqqB9r4Eh0C3BfQ0tveH30S5NXFhmiXbIwX', '+21629285654', 'ACTIVE');
INSERT INTO users (email_verified, created_at, deleted_at, deletion_requested_at, id, last_active_at, display_name, email, family_name, first_name, hashed_password, phone, status) VALUES (TRUE, '2026-02-26 03:50:50+01', '2026-05-26 18:48:54+01', NULL, 59, NULL, 'Bochra Jlassi', 'bochra.jlassi539@topnet.tn', 'Jlassi', 'Bochra', '$2b$12$Qv2WNl7A4dhjkuRv630pNIhsHFk6jOSL0IZbcNJO', '+21699125177', 'DELETED');
INSERT INTO users (email_verified, created_at, deleted_at, deletion_requested_at, id, last_active_at, display_name, email, family_name, first_name, hashed_password, phone, status) VALUES (TRUE, '2026-04-01 05:30:03+01', NULL, NULL, 61, '2026-04-27 11:23:29+01', 'Malek Trabelsi', 'malek.trabelsi980@outlook.com', 'Trabelsi', 'Malek', '$2b$12$BEmLtST18iwItCqpgrxMp1juJtVEFEtb6F7nvdE2', '+21693647102', 'ACTIVE');
INSERT INTO users (email_verified, created_at, deleted_at, deletion_requested_at, id, last_active_at, display_name, email, family_name, first_name, hashed_password, phone, status) VALUES (TRUE, '2026-06-03 05:57:02+01', NULL, NULL, 63, '2026-06-27 14:10:47+01', 'Iheb Ben Ali', 'iheb.benali745@outlook.com', 'Ben Ali', 'Iheb', '$2b$12$wrxBIZMLhfx9IwiLyccSXGj3i5tyM0KFFEIDbugz', '+21695060983', 'ACTIVE');
INSERT INTO users (email_verified, created_at, deleted_at, deletion_requested_at, id, last_active_at, display_name, email, family_name, first_name, hashed_password, phone, status) VALUES (TRUE, '2026-04-19 01:48:44+01', NULL, NULL, 65, '2026-06-05 18:35:50+01', 'Mouna Trabelsi', 'mouna.trabelsi996@gnet.tn', 'Trabelsi', 'Mouna', '$2b$12$WxYpJRlBzzmFLD0TRGI9Dx7CHHP1QXqE7rs68VRQ', '+21653097289', 'ACTIVE');
INSERT INTO users (email_verified, created_at, deleted_at, deletion_requested_at, id, last_active_at, display_name, email, family_name, first_name, hashed_password, phone, status) VALUES (TRUE, '2026-02-22 06:42:12+01', NULL, NULL, 67, '2026-05-03 02:36:30+01', 'Iheb Ouali', 'iheb.ouali918@topnet.tn', 'Ouali', 'Iheb', '$2b$12$OUnZqIqgTod4noguDQi78jO2DOUrrdVOoT0c5zZ5', '+21692404157', 'ACTIVE');
INSERT INTO users (email_verified, created_at, deleted_at, deletion_requested_at, id, last_active_at, display_name, email, family_name, first_name, hashed_password, phone, status) VALUES (TRUE, '2026-06-19 09:23:20+01', '2026-06-29 23:41:22+01', NULL, 69, NULL, 'Rania Hamdi', 'rania.hamdi898@gmail.com', 'Hamdi', 'Rania', '$2b$12$9HE60DlgkCplTXJUk13ZFfPliupqoU7sSaOQdhtz', '+21624991547', 'DELETED');
INSERT INTO users (email_verified, created_at, deleted_at, deletion_requested_at, id, last_active_at, display_name, email, family_name, first_name, hashed_password, phone, status) VALUES (TRUE, '2026-05-05 22:20:16+01', NULL, NULL, 71, '2026-06-27 12:21:11+01', 'Mouna Sassi', 'mouna.sassi377@gnet.tn', 'Sassi', 'Mouna', '$2b$12$zIDHPnpU2fBReIdHFJjuGhmKfFYCFCdCYSyYUJcv', '+21623272795', 'ACTIVE');
INSERT INTO users (email_verified, created_at, deleted_at, deletion_requested_at, id, last_active_at, display_name, email, family_name, first_name, hashed_password, phone, status) VALUES (TRUE, '2026-01-07 01:28:31+01', NULL, NULL, 73, '2026-05-21 10:56:51+01', 'Bochra Slimani', 'bochra.slimani785@topnet.tn', 'Slimani', 'Bochra', '$2b$12$OvlHGTnabsPHGZpvr6SgYzV2amgcLRdTyon1dFrY', '+21696766182', 'ACTIVE');
INSERT INTO users (email_verified, created_at, deleted_at, deletion_requested_at, id, last_active_at, display_name, email, family_name, first_name, hashed_password, phone, status) VALUES (TRUE, '2026-02-13 02:16:05+01', NULL, NULL, 75, NULL, 'Khalil Turki', 'khalil.turki677@gnet.tn', 'Turki', 'Khalil', '$2b$12$MAE86PWtzjxUD0sRX4I8IipmO50fSlqPL2lVSID1', '+21626440892', 'SUSPENDED');
INSERT INTO users (email_verified, created_at, deleted_at, deletion_requested_at, id, last_active_at, display_name, email, family_name, first_name, hashed_password, phone, status) VALUES (TRUE, '2026-06-19 11:46:33+01', '2026-06-20 19:42:44+01', NULL, 77, NULL, 'Amira Khemiri', 'amira.khemiri773@topnet.tn', 'Khemiri', 'Amira', '$2b$12$xHwqFEg8D04wzInjq5JzjuxZEOQpY7NEkXkSE4HN', '+21629363854', 'DELETED');
INSERT INTO users (email_verified, created_at, deleted_at, deletion_requested_at, id, last_active_at, display_name, email, family_name, first_name, hashed_password, phone, status) VALUES (TRUE, '2026-06-20 22:33:17+01', NULL, NULL, 79, '2026-06-28 12:02:36+01', 'Zied Jlassi', 'zied.jlassi423@yahoo.fr', 'Jlassi', 'Zied', '$2b$12$xMPMDEaIaGr8bYPX4gfjlGYqyxzJ9oQ0O1VfxIda', '+21653120387', 'ACTIVE');
INSERT INTO users (email_verified, created_at, deleted_at, deletion_requested_at, id, last_active_at, display_name, email, family_name, first_name, hashed_password, phone, status) VALUES (TRUE, '2026-04-13 11:17:27+01', NULL, NULL, 81, NULL, 'Chedi Zouari', 'chedi.zouari98@gnet.tn', 'Zouari', 'Chedi', '$2b$12$QrHOl0amiYY5sIJ0PHxTXQeUvgoeLMK8uNWBoIxl', '+21623397401', 'SUSPENDED');
INSERT INTO users (email_verified, created_at, deleted_at, deletion_requested_at, id, last_active_at, display_name, email, family_name, first_name, hashed_password, phone, status) VALUES (TRUE, '2026-05-25 09:10:30+01', NULL, NULL, 83, '2026-05-28 08:56:38+01', 'Skander Riahi', 'skander.riahi158@topnet.tn', 'Riahi', 'Skander', '$2b$12$6BVgfAIFgfILW1azWSI9pGQkqqjkrsWw6SEMCiay', '+21652655110', 'ACTIVE');
INSERT INTO users (email_verified, created_at, deleted_at, deletion_requested_at, id, last_active_at, display_name, email, family_name, first_name, hashed_password, phone, status) VALUES (TRUE, '2026-03-21 19:02:44+01', NULL, NULL, 85, '2026-06-13 00:04:51+01', 'Zied Zouari', 'zied.zouari667@gnet.tn', 'Zouari', 'Zied', '$2b$12$78sREJpxYyhIKHQI7CRBsQYXzENpOSWe9DyF5QHX', '+21624593752', 'ACTIVE');
INSERT INTO users (email_verified, created_at, deleted_at, deletion_requested_at, id, last_active_at, display_name, email, family_name, first_name, hashed_password, phone, status) VALUES (TRUE, '2026-01-21 01:47:18+01', NULL, NULL, 87, '2026-05-07 22:19:04+01', 'Thouraya Karray', 'thouraya.karray171@gnet.tn', 'Karray', 'Thouraya', '$2b$12$qFGJJByVKFvbgz7h6itCmDDBRtsYh0OPk9pkjI7o', '+21629656101', 'ACTIVE');
INSERT INTO users (email_verified, created_at, deleted_at, deletion_requested_at, id, last_active_at, display_name, email, family_name, first_name, hashed_password, phone, status) VALUES (TRUE, '2026-03-13 17:39:46+01', NULL, NULL, 89, '2026-06-18 01:54:34+01', 'Malek Fakhfakh', 'malek.fakhfakh461@gnet.tn', 'Fakhfakh', 'Malek', '$2b$12$g2luCq1GNLLKv0MYRsMfihslQFzixlNQO9IEitBd', '+21696033419', 'ACTIVE');
INSERT INTO users (email_verified, created_at, deleted_at, deletion_requested_at, id, last_active_at, display_name, email, family_name, first_name, hashed_password, phone, status) VALUES (TRUE, '2026-05-28 11:30:55+01', '2026-06-14 08:06:38+01', NULL, 91, NULL, 'Sami Jendoubi', 'sami.jendoubi507@topnet.tn', 'Jendoubi', 'Sami', '$2b$12$bVsrHkCUVIhhWZwZcSH9gZUs9BvYB9WoYKvSNkim', '+21657677219', 'DELETED');
INSERT INTO users (email_verified, created_at, deleted_at, deletion_requested_at, id, last_active_at, display_name, email, family_name, first_name, hashed_password, phone, status) VALUES (TRUE, '2026-02-21 01:39:37+01', NULL, NULL, 93, '2026-04-04 01:37:39+01', 'Aymen Zribi', 'aymen.zribi721@outlook.com', 'Zribi', 'Aymen', '$2b$12$91h1pSZVPEJqzCN2fFr6w6uaVTTCPwdHnAnqZuJJ', '+21699481260', 'ACTIVE');
INSERT INTO users (email_verified, created_at, deleted_at, deletion_requested_at, id, last_active_at, display_name, email, family_name, first_name, hashed_password, phone, status) VALUES (TRUE, '2026-01-09 15:01:29+01', NULL, NULL, 95, '2026-06-02 17:05:38+01', 'Nabil Gharbi', 'nabil.gharbi17@gmail.com', 'Gharbi', 'Nabil', '$2b$12$j5qOpx4kysRoORaDioQaRY9AiexTgt2iVUi9iGaO', '+21627706324', 'ACTIVE');
INSERT INTO users (email_verified, created_at, deleted_at, deletion_requested_at, id, last_active_at, display_name, email, family_name, first_name, hashed_password, phone, status) VALUES (TRUE, '2026-06-16 08:58:52+01', NULL, NULL, 97, '2026-06-22 18:29:48+01', 'Zeineb Ferjani', 'zeineb.ferjani223@gmail.com', 'Ferjani', 'Zeineb', '$2b$12$XpNpLSr6b02mLlyOWXoxoNe3awtx0AHkD9eKan56', '+21622196565', 'ACTIVE');
INSERT INTO users (email_verified, created_at, deleted_at, deletion_requested_at, id, last_active_at, display_name, email, family_name, first_name, hashed_password, phone, status) VALUES (TRUE, '2026-05-19 19:07:13+01', NULL, NULL, 99, '2026-06-05 16:58:11+01', 'Omar Werghi', 'omar.werghi656@gnet.tn', 'Werghi', 'Omar', '$2b$12$58juKVONtB7op5hLdPOkaiaEvGYqxU2Th3uAGq8M', '+21659241418', 'ACTIVE');

-- =========================================================
-- DONATION_CENTERS
-- =========================================================
INSERT INTO donation_centers (latitude, longitude, max_regular, slot_period, total_capacity, created_at, created_by_user_id, id, updated_at, address, city, country, email, facility_type, name, phone, postal_code, status, operating_hours) VALUES (32.921869, 10.459988, 9, 15, 51, '2026-04-20 05:30:22+01', 41, 1, '2026-06-28 13:41:44+01', '102 Rue El Jazira', 'Tataouine', 'Tunisie', 'contact1@gmail.com', 'CLINIC', 'Clinique El Amen Tataouine 1', '+21692067883', '1775', 'ACTIVE', '{"monday":{"opens":"08:00","closes":"16:00"},"tuesday":{"opens":"08:00","closes":"16:00"},"wednesday":{"opens":"08:00","closes":"16:00"},"thursday":{"opens":"08:00","closes":"16:00"},"friday":{"opens":"08:00","closes":"13:00"},"saturday":null,"sunday":null,"closedWindows":[]}'::jsonb);
INSERT INTO donation_centers (latitude, longitude, max_regular, slot_period, total_capacity, created_at, created_by_user_id, id, updated_at, address, city, country, email, facility_type, name, phone, postal_code, status, operating_hours) VALUES (33.866258, 10.080667, 11, 20, 67, '2026-05-22 07:07:07+01', 17, 2, '2026-06-18 10:19:19+01', '22 Avenue Taieb Mhiri', 'Gabes', 'Tunisie', 'contact2@gnet.tn', 'CLINIC', 'Clinique El Amen Gabes 2', '+21620137215', '2003', 'PENDING_APPROVAL', '{"monday":{"opens":"08:00","closes":"16:00"},"tuesday":{"opens":"08:00","closes":"16:00"},"wednesday":{"opens":"08:00","closes":"16:00"},"thursday":{"opens":"08:00","closes":"16:00"},"friday":{"opens":"08:00","closes":"13:00"},"saturday":null,"sunday":null,"closedWindows":[]}'::jsonb);
INSERT INTO donation_centers (latitude, longitude, max_regular, slot_period, total_capacity, created_at, created_by_user_id, id, updated_at, address, city, country, email, facility_type, name, phone, postal_code, status, operating_hours) VALUES (35.486726, 11.079165, 5, 20, 74, '2026-03-20 12:26:00+01', 63, 3, '2026-04-07 04:46:22+01', '55 Rue de la Liberte', 'Mahdia', 'Tunisie', 'contact3@outlook.com', 'CLINIC', 'Hopital Universitaire Mahdia 3', '+21692099934', '5086', 'ACTIVE', '{"monday":{"opens":"08:00","closes":"16:00"},"tuesday":{"opens":"08:00","closes":"16:00"},"wednesday":{"opens":"08:00","closes":"16:00"},"thursday":{"opens":"08:00","closes":"16:00"},"friday":{"opens":"08:00","closes":"13:00"},"saturday":null,"sunday":null,"closedWindows":[]}'::jsonb);
INSERT INTO donation_centers (latitude, longitude, max_regular, slot_period, total_capacity, created_at, created_by_user_id, id, updated_at, address, city, country, email, facility_type, name, phone, postal_code, status, operating_hours) VALUES (36.401961, 10.126409, 25, 30, 51, '2026-03-11 11:13:19+01', 25, 4, '2026-05-20 17:05:18+01', '140 Avenue de la Republique', 'Zaghouan', 'Tunisie', 'contact4@gmail.com', 'MOBILE_UNIT', 'Hopital Universitaire Zaghouan 4', '+21655787598', '3634', 'ACTIVE', '{"monday":{"opens":"08:00","closes":"16:00"},"tuesday":{"opens":"08:00","closes":"16:00"},"wednesday":{"opens":"08:00","closes":"16:00"},"thursday":{"opens":"08:00","closes":"16:00"},"friday":{"opens":"08:00","closes":"13:00"},"saturday":null,"sunday":null,"closedWindows":[]}'::jsonb);
INSERT INTO donation_centers (latitude, longitude, max_regular, slot_period, total_capacity, created_at, created_by_user_id, id, updated_at, address, city, country, email, facility_type, name, phone, postal_code, status, operating_hours) VALUES (36.847343, 10.168585, 30, 20, 87, '2026-01-06 14:56:33+01', 7, 5, '2026-03-10 05:58:06+01', '150 Avenue Farhat Hached', 'Ariana', 'Tunisie', 'contact5@yahoo.fr', 'BLOOD_BANK', 'Centre de Don du Sang Ariana 5', '+21623480396', '3906', 'SUSPENDED', '{"monday":{"opens":"08:00","closes":"16:00"},"tuesday":{"opens":"08:00","closes":"16:00"},"wednesday":{"opens":"08:00","closes":"16:00"},"thursday":{"opens":"08:00","closes":"16:00"},"friday":{"opens":"08:00","closes":"13:00"},"saturday":null,"sunday":null,"closedWindows":[]}'::jsonb);
INSERT INTO donation_centers (latitude, longitude, max_regular, slot_period, total_capacity, created_at, created_by_user_id, id, updated_at, address, city, country, email, facility_type, name, phone, postal_code, status, operating_hours) VALUES (36.853344, 10.168401, 5, 30, 65, '2026-05-26 20:30:09+01', 75, 6, '2026-06-28 23:58:32+01', '145 Rue de la Liberte', 'Ariana', 'Tunisie', 'contact6@gnet.tn', 'HOSPITAL', 'Unite Mobile de Collecte Ariana 6', '+21698427010', '2905', 'ACTIVE', '{"monday":{"opens":"08:00","closes":"16:00"},"tuesday":{"opens":"08:00","closes":"16:00"},"wednesday":{"opens":"08:00","closes":"16:00"},"thursday":{"opens":"08:00","closes":"16:00"},"friday":{"opens":"08:00","closes":"13:00"},"saturday":null,"sunday":null,"closedWindows":[]}'::jsonb);
INSERT INTO donation_centers (latitude, longitude, max_regular, slot_period, total_capacity, created_at, created_by_user_id, id, updated_at, address, city, country, email, facility_type, name, phone, postal_code, status, operating_hours) VALUES (36.807558, 10.161527, 15, 30, 42, '2026-06-16 00:19:34+01', 17, 7, '2026-06-29 15:06:44+01', '83 Rue de Marseille', 'Tunis', 'Tunisie', 'contact7@gmail.com', 'HOSPITAL', 'Clinique El Amen Tunis 7', '+21652185156', '5800', 'ACTIVE', '{"monday":{"opens":"08:00","closes":"16:00"},"tuesday":{"opens":"08:00","closes":"16:00"},"wednesday":{"opens":"08:00","closes":"16:00"},"thursday":{"opens":"08:00","closes":"16:00"},"friday":{"opens":"08:00","closes":"13:00"},"saturday":null,"sunday":null,"closedWindows":[]}'::jsonb);
INSERT INTO donation_centers (latitude, longitude, max_regular, slot_period, total_capacity, created_at, created_by_user_id, id, updated_at, address, city, country, email, facility_type, name, phone, postal_code, status, operating_hours) VALUES (34.417904, 8.803234, 20, 30, 60, '2026-05-13 12:32:56+01', 81, 8, '2026-05-21 22:31:42+01', '144 Rue Ali Belhouane', 'Gafsa', 'Tunisie', 'contact8@gnet.tn', 'CLINIC', 'Hopital Universitaire Gafsa 8', '+21629264422', '6970', 'PENDING_APPROVAL', '{"monday":{"opens":"08:00","closes":"16:00"},"tuesday":{"opens":"08:00","closes":"16:00"},"wednesday":{"opens":"08:00","closes":"16:00"},"thursday":{"opens":"08:00","closes":"16:00"},"friday":{"opens":"08:00","closes":"13:00"},"saturday":null,"sunday":null,"closedWindows":[]}'::jsonb);
INSERT INTO donation_centers (latitude, longitude, max_regular, slot_period, total_capacity, created_at, created_by_user_id, id, updated_at, address, city, country, email, facility_type, name, phone, postal_code, status, operating_hours) VALUES (36.178264, 8.734571, 24, 20, 98, '2026-06-24 13:10:36+01', 23, 9, '2026-06-25 22:29:34+01', '145 Avenue Habib Bourguiba', 'Le Kef', 'Tunisie', 'contact9@topnet.tn', 'HOSPITAL', 'Centre National de Transfusion Sanguine Le Kef 9', '+21691355215', '4658', 'PENDING_APPROVAL', '{"monday":{"opens":"08:00","closes":"16:00"},"tuesday":{"opens":"08:00","closes":"16:00"},"wednesday":{"opens":"08:00","closes":"16:00"},"thursday":{"opens":"08:00","closes":"16:00"},"friday":{"opens":"08:00","closes":"13:00"},"saturday":null,"sunday":null,"closedWindows":[]}'::jsonb);
INSERT INTO donation_centers (latitude, longitude, max_regular, slot_period, total_capacity, created_at, created_by_user_id, id, updated_at, address, city, country, email, facility_type, name, phone, postal_code, status, operating_hours) VALUES (36.441282, 10.718412, 5, 15, 69, '2026-02-16 15:50:31+01', 93, 10, '2026-04-16 10:58:48+01', '108 Rue de la Liberte', 'Nabeul', 'Tunisie', 'contact10@topnet.tn', 'MOBILE_UNIT', 'Banque de Sang Regionale Nabeul 10', '+21695861793', '2332', 'ACTIVE', '{"monday":{"opens":"08:00","closes":"16:00"},"tuesday":{"opens":"08:00","closes":"16:00"},"wednesday":{"opens":"08:00","closes":"16:00"},"thursday":{"opens":"08:00","closes":"16:00"},"friday":{"opens":"08:00","closes":"13:00"},"saturday":null,"sunday":null,"closedWindows":[]}'::jsonb);
INSERT INTO donation_centers (latitude, longitude, max_regular, slot_period, total_capacity, created_at, created_by_user_id, id, updated_at, address, city, country, email, facility_type, name, phone, postal_code, status, operating_hours) VALUES (34.732396, 10.753049, 10, 20, 40, '2026-06-22 02:36:01+01', 43, 11, '2026-06-28 11:52:39+01', '141 Avenue Habib Bourguiba', 'Sfax', 'Tunisie', 'contact11@outlook.com', 'COMMUNITY_CENTER', 'Banque de Sang Regionale Sfax 11', '+21657062962', '1438', 'ACTIVE', '{"monday":{"opens":"08:00","closes":"16:00"},"tuesday":{"opens":"08:00","closes":"16:00"},"wednesday":{"opens":"08:00","closes":"16:00"},"thursday":{"opens":"08:00","closes":"16:00"},"friday":{"opens":"08:00","closes":"13:00"},"saturday":null,"sunday":null,"closedWindows":[]}'::jsonb);
INSERT INTO donation_centers (latitude, longitude, max_regular, slot_period, total_capacity, created_at, created_by_user_id, id, updated_at, address, city, country, email, facility_type, name, phone, postal_code, status, operating_hours) VALUES (36.470276, 10.732071, 26, 20, 58, '2026-04-11 08:24:54+01', 33, 12, '2026-04-30 11:15:35+01', '13 Rue 7 Novembre', 'Nabeul', 'Tunisie', 'contact12@gnet.tn', 'COMMUNITY_CENTER', 'Centre Communautaire de Sante Nabeul 12', '+21692050614', '7749', 'ACTIVE', '{"monday":{"opens":"08:00","closes":"16:00"},"tuesday":{"opens":"08:00","closes":"16:00"},"wednesday":{"opens":"08:00","closes":"16:00"},"thursday":{"opens":"08:00","closes":"16:00"},"friday":{"opens":"08:00","closes":"13:00"},"saturday":null,"sunday":null,"closedWindows":[]}'::jsonb);
INSERT INTO donation_centers (latitude, longitude, max_regular, slot_period, total_capacity, created_at, created_by_user_id, id, updated_at, address, city, country, email, facility_type, name, phone, postal_code, status, operating_hours) VALUES (36.807313, 10.081079, 20, 15, 59, '2026-02-07 16:31:13+01', 11, 13, '2026-05-31 00:56:52+01', '121 Rue Charles de Gaulle', 'Manouba', 'Tunisie', 'contact13@outlook.com', 'BLOOD_BANK', 'Centre de Don du Sang Manouba 13', '+21658625652', '4651', 'PENDING_APPROVAL', '{"monday":{"opens":"08:00","closes":"16:00"},"tuesday":{"opens":"08:00","closes":"16:00"},"wednesday":{"opens":"08:00","closes":"16:00"},"thursday":{"opens":"08:00","closes":"16:00"},"friday":{"opens":"08:00","closes":"13:00"},"saturday":null,"sunday":null,"closedWindows":[]}'::jsonb);
INSERT INTO donation_centers (latitude, longitude, max_regular, slot_period, total_capacity, created_at, created_by_user_id, id, updated_at, address, city, country, email, facility_type, name, phone, postal_code, status, operating_hours) VALUES (35.503302, 11.05125, 29, 30, 32, '2026-02-18 19:24:37+01', 19, 14, '2026-03-02 02:58:54+01', '89 Avenue de la Republique', 'Mahdia', 'Tunisie', 'contact14@gnet.tn', 'MOBILE_UNIT', 'Centre National de Transfusion Sanguine Mahdia 14', '+21653806868', '6628', 'SUSPENDED', '{"monday":{"opens":"08:00","closes":"16:00"},"tuesday":{"opens":"08:00","closes":"16:00"},"wednesday":{"opens":"08:00","closes":"16:00"},"thursday":{"opens":"08:00","closes":"16:00"},"friday":{"opens":"08:00","closes":"13:00"},"saturday":null,"sunday":null,"closedWindows":[]}'::jsonb);
INSERT INTO donation_centers (latitude, longitude, max_regular, slot_period, total_capacity, created_at, created_by_user_id, id, updated_at, address, city, country, email, facility_type, name, phone, postal_code, status, operating_hours) VALUES (33.922609, 8.122926, 6, 30, 93, '2026-02-24 06:37:38+01', 91, 15, '2026-06-18 05:38:41+01', '147 Rue de Palestine', 'Tozeur', 'Tunisie', 'contact15@gnet.tn', 'HOSPITAL', 'Hopital Universitaire Tozeur 15', '+21627223320', '4468', 'PENDING_APPROVAL', '{"monday":{"opens":"08:00","closes":"16:00"},"tuesday":{"opens":"08:00","closes":"16:00"},"wednesday":{"opens":"08:00","closes":"16:00"},"thursday":{"opens":"08:00","closes":"16:00"},"friday":{"opens":"08:00","closes":"13:00"},"saturday":null,"sunday":null,"closedWindows":[]}'::jsonb);
INSERT INTO donation_centers (latitude, longitude, max_regular, slot_period, total_capacity, created_at, created_by_user_id, id, updated_at, address, city, country, email, facility_type, name, phone, postal_code, status, operating_hours) VALUES (32.927116, 10.471691, 15, 30, 28, '2026-04-24 13:08:38+01', 33, 16, '2026-04-30 09:40:50+01', '143 Rue 7 Novembre', 'Tataouine', 'Tunisie', 'contact16@gnet.tn', 'CLINIC', 'Hopital Charles Nicolle Tataouine 16', '+21698709986', '1921', 'ACTIVE', '{"monday":{"opens":"08:00","closes":"16:00"},"tuesday":{"opens":"08:00","closes":"16:00"},"wednesday":{"opens":"08:00","closes":"16:00"},"thursday":{"opens":"08:00","closes":"16:00"},"friday":{"opens":"08:00","closes":"13:00"},"saturday":null,"sunday":null,"closedWindows":[]}'::jsonb);
INSERT INTO donation_centers (latitude, longitude, max_regular, slot_period, total_capacity, created_at, created_by_user_id, id, updated_at, address, city, country, email, facility_type, name, phone, postal_code, status, operating_hours) VALUES (33.884064, 10.101507, 23, 15, 56, '2026-06-24 11:39:02+01', 13, 17, '2026-06-29 23:48:35+01', '89 Rue 7 Novembre', 'Gabes', 'Tunisie', 'contact17@outlook.com', 'MOBILE_UNIT', 'Banque de Sang Regionale Gabes 17', '+21657997024', '4301', 'ACTIVE', '{"monday":{"opens":"08:00","closes":"16:00"},"tuesday":{"opens":"08:00","closes":"16:00"},"wednesday":{"opens":"08:00","closes":"16:00"},"thursday":{"opens":"08:00","closes":"16:00"},"friday":{"opens":"08:00","closes":"13:00"},"saturday":null,"sunday":null,"closedWindows":[]}'::jsonb);
INSERT INTO donation_centers (latitude, longitude, max_regular, slot_period, total_capacity, created_at, created_by_user_id, id, updated_at, address, city, country, email, facility_type, name, phone, postal_code, status, operating_hours) VALUES (36.815333, 10.093269, 12, 15, 80, '2026-03-13 18:34:27+01', 89, 18, '2026-06-22 04:47:29+01', '96 Rue de Marseille', 'Manouba', 'Tunisie', 'contact18@outlook.com', 'CLINIC', 'Unite Mobile de Collecte Manouba 18', '+21694713247', '7340', 'ACTIVE', '{"monday":{"opens":"08:00","closes":"16:00"},"tuesday":{"opens":"08:00","closes":"16:00"},"wednesday":{"opens":"08:00","closes":"16:00"},"thursday":{"opens":"08:00","closes":"16:00"},"friday":{"opens":"08:00","closes":"13:00"},"saturday":null,"sunday":null,"closedWindows":[]}'::jsonb);
INSERT INTO donation_centers (latitude, longitude, max_regular, slot_period, total_capacity, created_at, created_by_user_id, id, updated_at, address, city, country, email, facility_type, name, phone, postal_code, status, operating_hours) VALUES (35.687252, 10.100499, 18, 30, 82, '2026-01-17 10:47:26+01', 27, 19, '2026-05-22 07:09:02+01', '96 Rue du Lac Leman', 'Kairouan', 'Tunisie', 'contact19@gmail.com', 'COMMUNITY_CENTER', 'Clinique Les Oliviers Kairouan 19', '+21621486289', '1237', 'ACTIVE', '{"monday":{"opens":"08:00","closes":"16:00"},"tuesday":{"opens":"08:00","closes":"16:00"},"wednesday":{"opens":"08:00","closes":"16:00"},"thursday":{"opens":"08:00","closes":"16:00"},"friday":{"opens":"08:00","closes":"13:00"},"saturday":null,"sunday":null,"closedWindows":[]}'::jsonb);
INSERT INTO donation_centers (latitude, longitude, max_regular, slot_period, total_capacity, created_at, created_by_user_id, id, updated_at, address, city, country, email, facility_type, name, phone, postal_code, status, operating_hours) VALUES (36.464779, 10.72568, 11, 20, 67, '2026-03-24 17:20:08+01', 91, 20, '2026-06-13 12:24:59+01', '130 Rue 7 Novembre', 'Nabeul', 'Tunisie', 'contact20@gmail.com', 'BLOOD_BANK', 'Unite Mobile de Collecte Nabeul 20', '+21625797279', '5516', 'ACTIVE', '{"monday":{"opens":"08:00","closes":"16:00"},"tuesday":{"opens":"08:00","closes":"16:00"},"wednesday":{"opens":"08:00","closes":"16:00"},"thursday":{"opens":"08:00","closes":"16:00"},"friday":{"opens":"08:00","closes":"13:00"},"saturday":null,"sunday":null,"closedWindows":[]}'::jsonb);
INSERT INTO donation_centers (latitude, longitude, max_regular, slot_period, total_capacity, created_at, created_by_user_id, id, updated_at, address, city, country, email, facility_type, name, phone, postal_code, status, operating_hours) VALUES (36.879806, 10.155046, 5, 20, 26, '2026-05-31 07:19:46+01', 37, 21, '2026-06-05 06:41:13+01', '147 Avenue de la Republique', 'Ariana', 'Tunisie', 'contact21@yahoo.fr', 'HOSPITAL', 'Banque de Sang Regionale Ariana 21', '+21653346800', '4883', 'SUSPENDED', '{"monday":{"opens":"08:00","closes":"16:00"},"tuesday":{"opens":"08:00","closes":"16:00"},"wednesday":{"opens":"08:00","closes":"16:00"},"thursday":{"opens":"08:00","closes":"16:00"},"friday":{"opens":"08:00","closes":"13:00"},"saturday":null,"sunday":null,"closedWindows":[]}'::jsonb);
INSERT INTO donation_centers (latitude, longitude, max_regular, slot_period, total_capacity, created_at, created_by_user_id, id, updated_at, address, city, country, email, facility_type, name, phone, postal_code, status, operating_hours) VALUES (36.740228, 10.230935, 27, 30, 55, '2026-02-10 17:22:18+01', 39, 22, '2026-04-11 02:28:35+01', '97 Rue du Lac Leman', 'Ben Arous', 'Tunisie', 'contact22@outlook.com', 'MOBILE_UNIT', 'Hopital Charles Nicolle Ben Arous 22', '+21693748969', '1838', 'PENDING_APPROVAL', '{"monday":{"opens":"08:00","closes":"16:00"},"tuesday":{"opens":"08:00","closes":"16:00"},"wednesday":{"opens":"08:00","closes":"16:00"},"thursday":{"opens":"08:00","closes":"16:00"},"friday":{"opens":"08:00","closes":"13:00"},"saturday":null,"sunday":null,"closedWindows":[]}'::jsonb);
INSERT INTO donation_centers (latitude, longitude, max_regular, slot_period, total_capacity, created_at, created_by_user_id, id, updated_at, address, city, country, email, facility_type, name, phone, postal_code, status, operating_hours) VALUES (32.948359, 10.465375, 14, 20, 33, '2026-04-12 16:13:56+01', 77, 23, '2026-05-20 19:25:24+01', '87 Rue Ibn Khaldoun', 'Tataouine', 'Tunisie', 'contact23@outlook.com', 'CLINIC', 'Hopital Charles Nicolle Tataouine 23', '+21694328309', '4310', 'ACTIVE', '{"monday":{"opens":"08:00","closes":"16:00"},"tuesday":{"opens":"08:00","closes":"16:00"},"wednesday":{"opens":"08:00","closes":"16:00"},"thursday":{"opens":"08:00","closes":"16:00"},"friday":{"opens":"08:00","closes":"13:00"},"saturday":null,"sunday":null,"closedWindows":[]}'::jsonb);
INSERT INTO donation_centers (latitude, longitude, max_regular, slot_period, total_capacity, created_at, created_by_user_id, id, updated_at, address, city, country, email, facility_type, name, phone, postal_code, status, operating_hours) VALUES (32.915297, 10.432818, 18, 20, 69, '2026-04-01 02:37:08+01', 33, 24, '2026-06-06 22:45:55+01', '150 Rue Ali Belhouane', 'Tataouine', 'Tunisie', 'contact24@gnet.tn', 'HOSPITAL', 'Centre de Don du Sang Tataouine 24', '+21693875842', '7886', 'ACTIVE', '{"monday":{"opens":"08:00","closes":"16:00"},"tuesday":{"opens":"08:00","closes":"16:00"},"wednesday":{"opens":"08:00","closes":"16:00"},"thursday":{"opens":"08:00","closes":"16:00"},"friday":{"opens":"08:00","closes":"13:00"},"saturday":null,"sunday":null,"closedWindows":[]}'::jsonb);
INSERT INTO donation_centers (latitude, longitude, max_regular, slot_period, total_capacity, created_at, created_by_user_id, id, updated_at, address, city, country, email, facility_type, name, phone, postal_code, status, operating_hours) VALUES (36.390045, 10.126804, 30, 30, 43, '2026-01-24 10:15:14+01', 93, 25, '2026-06-22 11:29:24+01', '86 Rue de Palestine', 'Zaghouan', 'Tunisie', 'contact25@gmail.com', 'HOSPITAL', 'Centre de Don du Sang Zaghouan 25', '+21693465549', '3408', 'ACTIVE', '{"monday":{"opens":"08:00","closes":"16:00"},"tuesday":{"opens":"08:00","closes":"16:00"},"wednesday":{"opens":"08:00","closes":"16:00"},"thursday":{"opens":"08:00","closes":"16:00"},"friday":{"opens":"08:00","closes":"13:00"},"saturday":null,"sunday":null,"closedWindows":[]}'::jsonb);
INSERT INTO donation_centers (latitude, longitude, max_regular, slot_period, total_capacity, created_at, created_by_user_id, id, updated_at, address, city, country, email, facility_type, name, phone, postal_code, status, operating_hours) VALUES (37.273221, 9.888556, 20, 15, 84, '2026-04-16 16:02:42+01', 9, 26, '2026-04-25 16:11:16+01', '98 Rue El Jazira', 'Bizerte', 'Tunisie', 'contact26@outlook.com', 'MOBILE_UNIT', 'Hopital Charles Nicolle Bizerte 26', '+21622235697', '2173', 'ACTIVE', '{"monday":{"opens":"08:00","closes":"16:00"},"tuesday":{"opens":"08:00","closes":"16:00"},"wednesday":{"opens":"08:00","closes":"16:00"},"thursday":{"opens":"08:00","closes":"16:00"},"friday":{"opens":"08:00","closes":"13:00"},"saturday":null,"sunday":null,"closedWindows":[]}'::jsonb);
INSERT INTO donation_centers (latitude, longitude, max_regular, slot_period, total_capacity, created_at, created_by_user_id, id, updated_at, address, city, country, email, facility_type, name, phone, postal_code, status, operating_hours) VALUES (36.877458, 10.164203, 15, 15, 20, '2026-04-25 05:38:02+01', 41, 27, '2026-05-25 08:10:49+01', '54 Avenue de la Republique', 'Ariana', 'Tunisie', 'contact27@yahoo.fr', 'COMMUNITY_CENTER', 'Hopital Regional Ariana 27', '+21627129666', '4514', 'CLOSED', '{"monday":{"opens":"08:00","closes":"16:00"},"tuesday":{"opens":"08:00","closes":"16:00"},"wednesday":{"opens":"08:00","closes":"16:00"},"thursday":{"opens":"08:00","closes":"16:00"},"friday":{"opens":"08:00","closes":"13:00"},"saturday":null,"sunday":null,"closedWindows":[]}'::jsonb);
INSERT INTO donation_centers (latitude, longitude, max_regular, slot_period, total_capacity, created_at, created_by_user_id, id, updated_at, address, city, country, email, facility_type, name, phone, postal_code, status, operating_hours) VALUES (36.705787, 9.183051, 29, 30, 44, '2026-05-13 05:12:54+01', 41, 28, '2026-05-14 02:07:09+01', '2 Rue de Palestine', 'Beja', 'Tunisie', 'contact28@yahoo.fr', 'HOSPITAL', 'Centre National de Transfusion Sanguine Beja 28', '+21655421689', '3507', 'ACTIVE', '{"monday":{"opens":"08:00","closes":"16:00"},"tuesday":{"opens":"08:00","closes":"16:00"},"wednesday":{"opens":"08:00","closes":"16:00"},"thursday":{"opens":"08:00","closes":"16:00"},"friday":{"opens":"08:00","closes":"13:00"},"saturday":null,"sunday":null,"closedWindows":[]}'::jsonb);
INSERT INTO donation_centers (latitude, longitude, max_regular, slot_period, total_capacity, created_at, created_by_user_id, id, updated_at, address, city, country, email, facility_type, name, phone, postal_code, status, operating_hours) VALUES (34.732528, 10.751933, 15, 20, 37, '2026-05-12 16:58:04+01', 67, 29, '2026-05-29 13:03:39+01', '126 Avenue Mohamed V', 'Sfax', 'Tunisie', 'contact29@yahoo.fr', 'HOSPITAL', 'Hopital Charles Nicolle Sfax 29', '+21690332309', '5133', 'ACTIVE', '{"monday":{"opens":"08:00","closes":"16:00"},"tuesday":{"opens":"08:00","closes":"16:00"},"wednesday":{"opens":"08:00","closes":"16:00"},"thursday":{"opens":"08:00","closes":"16:00"},"friday":{"opens":"08:00","closes":"13:00"},"saturday":null,"sunday":null,"closedWindows":[]}'::jsonb);
INSERT INTO donation_centers (latitude, longitude, max_regular, slot_period, total_capacity, created_at, created_by_user_id, id, updated_at, address, city, country, email, facility_type, name, phone, postal_code, status, operating_hours) VALUES (33.348344, 10.517085, 22, 30, 26, '2026-03-10 01:20:01+01', 99, 30, '2026-05-16 00:53:16+01', '13 Rue de Palestine', 'Medenine', 'Tunisie', 'contact30@gmail.com', 'BLOOD_BANK', 'Centre de Don du Sang Medenine 30', '+21621676184', '4886', 'ACTIVE', '{"monday":{"opens":"08:00","closes":"16:00"},"tuesday":{"opens":"08:00","closes":"16:00"},"wednesday":{"opens":"08:00","closes":"16:00"},"thursday":{"opens":"08:00","closes":"16:00"},"friday":{"opens":"08:00","closes":"13:00"},"saturday":null,"sunday":null,"closedWindows":[]}'::jsonb);
INSERT INTO donation_centers (latitude, longitude, max_regular, slot_period, total_capacity, created_at, created_by_user_id, id, updated_at, address, city, country, email, facility_type, name, phone, postal_code, status, operating_hours) VALUES (36.459108, 10.740912, 21, 20, 99, '2026-02-24 16:26:11+01', 85, 31, '2026-05-12 02:01:58+01', '36 Rue 7 Novembre', 'Nabeul', 'Tunisie', 'contact31@gmail.com', 'COMMUNITY_CENTER', 'Banque de Sang Regionale Nabeul 31', '+21659141173', '5988', 'ACTIVE', '{"monday":{"opens":"08:00","closes":"16:00"},"tuesday":{"opens":"08:00","closes":"16:00"},"wednesday":{"opens":"08:00","closes":"16:00"},"thursday":{"opens":"08:00","closes":"16:00"},"friday":{"opens":"08:00","closes":"13:00"},"saturday":null,"sunday":null,"closedWindows":[]}'::jsonb);
INSERT INTO donation_centers (latitude, longitude, max_regular, slot_period, total_capacity, created_at, created_by_user_id, id, updated_at, address, city, country, email, facility_type, name, phone, postal_code, status, operating_hours) VALUES (35.69136, 10.115225, 10, 15, 90, '2026-03-06 22:31:02+01', 37, 32, '2026-05-03 11:07:09+01', '54 Rue Ali Belhouane', 'Kairouan', 'Tunisie', 'contact32@topnet.tn', 'CLINIC', 'Hopital Universitaire Kairouan 32', '+21620011972', '8777', 'PENDING_APPROVAL', '{"monday":{"opens":"08:00","closes":"16:00"},"tuesday":{"opens":"08:00","closes":"16:00"},"wednesday":{"opens":"08:00","closes":"16:00"},"thursday":{"opens":"08:00","closes":"16:00"},"friday":{"opens":"08:00","closes":"13:00"},"saturday":null,"sunday":null,"closedWindows":[]}'::jsonb);
INSERT INTO donation_centers (latitude, longitude, max_regular, slot_period, total_capacity, created_at, created_by_user_id, id, updated_at, address, city, country, email, facility_type, name, phone, postal_code, status, operating_hours) VALUES (36.067402, 9.379743, 14, 20, 79, '2026-06-13 15:30:15+01', 59, 33, '2026-06-14 12:09:43+01', '45 Rue du Lac Leman', 'Siliana', 'Tunisie', 'contact33@gmail.com', 'CLINIC', 'Clinique El Amen Siliana 33', '+21695611002', '6434', 'ACTIVE', '{"monday":{"opens":"08:00","closes":"16:00"},"tuesday":{"opens":"08:00","closes":"16:00"},"wednesday":{"opens":"08:00","closes":"16:00"},"thursday":{"opens":"08:00","closes":"16:00"},"friday":{"opens":"08:00","closes":"13:00"},"saturday":null,"sunday":null,"closedWindows":[]}'::jsonb);
INSERT INTO donation_centers (latitude, longitude, max_regular, slot_period, total_capacity, created_at, created_by_user_id, id, updated_at, address, city, country, email, facility_type, name, phone, postal_code, status, operating_hours) VALUES (35.161901, 8.834009, 15, 15, 34, '2026-04-23 13:40:05+01', 47, 34, '2026-05-20 22:16:28+01', '117 Rue Ibn Khaldoun', 'Kasserine', 'Tunisie', 'contact34@topnet.tn', 'MOBILE_UNIT', 'Banque de Sang Regionale Kasserine 34', '+21692120216', '8464', 'ACTIVE', '{"monday":{"opens":"08:00","closes":"16:00"},"tuesday":{"opens":"08:00","closes":"16:00"},"wednesday":{"opens":"08:00","closes":"16:00"},"thursday":{"opens":"08:00","closes":"16:00"},"friday":{"opens":"08:00","closes":"13:00"},"saturday":null,"sunday":null,"closedWindows":[]}'::jsonb);
INSERT INTO donation_centers (latitude, longitude, max_regular, slot_period, total_capacity, created_at, created_by_user_id, id, updated_at, address, city, country, email, facility_type, name, phone, postal_code, status, operating_hours) VALUES (36.189736, 8.70205, 5, 30, 36, '2026-03-10 21:04:49+01', 79, 35, '2026-05-03 23:04:35+01', '125 Avenue Habib Bourguiba', 'Le Kef', 'Tunisie', 'contact35@topnet.tn', 'MOBILE_UNIT', 'Unite Mobile de Collecte Le Kef 35', '+21621450899', '2834', 'CLOSED', '{"monday":{"opens":"08:00","closes":"16:00"},"tuesday":{"opens":"08:00","closes":"16:00"},"wednesday":{"opens":"08:00","closes":"16:00"},"thursday":{"opens":"08:00","closes":"16:00"},"friday":{"opens":"08:00","closes":"13:00"},"saturday":null,"sunday":null,"closedWindows":[]}'::jsonb);
INSERT INTO donation_centers (latitude, longitude, max_regular, slot_period, total_capacity, created_at, created_by_user_id, id, updated_at, address, city, country, email, facility_type, name, phone, postal_code, status, operating_hours) VALUES (32.944626, 10.452564, 18, 30, 51, '2026-05-05 13:27:46+01', 13, 36, '2026-06-01 16:19:36+01', '99 Rue de la Liberte', 'Tataouine', 'Tunisie', 'contact36@gnet.tn', 'COMMUNITY_CENTER', 'Hopital Charles Nicolle Tataouine 36', '+21620287721', '7155', 'ACTIVE', '{"monday":{"opens":"08:00","closes":"16:00"},"tuesday":{"opens":"08:00","closes":"16:00"},"wednesday":{"opens":"08:00","closes":"16:00"},"thursday":{"opens":"08:00","closes":"16:00"},"friday":{"opens":"08:00","closes":"13:00"},"saturday":null,"sunday":null,"closedWindows":[]}'::jsonb);
INSERT INTO donation_centers (latitude, longitude, max_regular, slot_period, total_capacity, created_at, created_by_user_id, id, updated_at, address, city, country, email, facility_type, name, phone, postal_code, status, operating_hours) VALUES (35.771236, 10.817326, 17, 20, 50, '2026-04-02 20:01:04+01', 83, 37, '2026-04-09 20:23:54+01', '114 Avenue de la Republique', 'Monastir', 'Tunisie', 'contact37@gnet.tn', 'MOBILE_UNIT', 'Centre Communautaire de Sante Monastir 37', '+21627751701', '4304', 'ACTIVE', '{"monday":{"opens":"08:00","closes":"16:00"},"tuesday":{"opens":"08:00","closes":"16:00"},"wednesday":{"opens":"08:00","closes":"16:00"},"thursday":{"opens":"08:00","closes":"16:00"},"friday":{"opens":"08:00","closes":"13:00"},"saturday":null,"sunday":null,"closedWindows":[]}'::jsonb);
INSERT INTO donation_centers (latitude, longitude, max_regular, slot_period, total_capacity, created_at, created_by_user_id, id, updated_at, address, city, country, email, facility_type, name, phone, postal_code, status, operating_hours) VALUES (36.404764, 10.155936, 14, 30, 91, '2026-05-24 06:00:18+01', 81, 38, '2026-06-01 00:35:02+01', '117 Avenue Mohamed V', 'Zaghouan', 'Tunisie', 'contact38@outlook.com', 'BLOOD_BANK', 'Hopital Charles Nicolle Zaghouan 38', '+21627589975', '6864', 'ACTIVE', '{"monday":{"opens":"08:00","closes":"16:00"},"tuesday":{"opens":"08:00","closes":"16:00"},"wednesday":{"opens":"08:00","closes":"16:00"},"thursday":{"opens":"08:00","closes":"16:00"},"friday":{"opens":"08:00","closes":"13:00"},"saturday":null,"sunday":null,"closedWindows":[]}'::jsonb);
INSERT INTO donation_centers (latitude, longitude, max_regular, slot_period, total_capacity, created_at, created_by_user_id, id, updated_at, address, city, country, email, facility_type, name, phone, postal_code, status, operating_hours) VALUES (37.284773, 9.86277, 21, 20, 33, '2026-03-03 22:45:32+01', 71, 39, '2026-03-09 09:22:29+01', '43 Rue Charles de Gaulle', 'Bizerte', 'Tunisie', 'contact39@yahoo.fr', 'MOBILE_UNIT', 'Centre de Don du Sang Bizerte 39', '+21624933163', '4744', 'ACTIVE', '{"monday":{"opens":"08:00","closes":"16:00"},"tuesday":{"opens":"08:00","closes":"16:00"},"wednesday":{"opens":"08:00","closes":"16:00"},"thursday":{"opens":"08:00","closes":"16:00"},"friday":{"opens":"08:00","closes":"13:00"},"saturday":null,"sunday":null,"closedWindows":[]}'::jsonb);
INSERT INTO donation_centers (latitude, longitude, max_regular, slot_period, total_capacity, created_at, created_by_user_id, id, updated_at, address, city, country, email, facility_type, name, phone, postal_code, status, operating_hours) VALUES (36.459972, 10.720011, 29, 20, 78, '2026-03-17 03:29:07+01', 15, 40, '2026-05-25 17:40:13+01', '130 Rue de la Liberte', 'Nabeul', 'Tunisie', 'contact40@topnet.tn', 'BLOOD_BANK', 'Hopital Charles Nicolle Nabeul 40', '+21650869782', '6667', 'ACTIVE', '{"monday":{"opens":"08:00","closes":"16:00"},"tuesday":{"opens":"08:00","closes":"16:00"},"wednesday":{"opens":"08:00","closes":"16:00"},"thursday":{"opens":"08:00","closes":"16:00"},"friday":{"opens":"08:00","closes":"13:00"},"saturday":null,"sunday":null,"closedWindows":[]}'::jsonb);
INSERT INTO donation_centers (latitude, longitude, max_regular, slot_period, total_capacity, created_at, created_by_user_id, id, updated_at, address, city, country, email, facility_type, name, phone, postal_code, status, operating_hours) VALUES (33.865542, 10.104501, 17, 20, 97, '2026-04-20 17:53:18+01', 65, 41, '2026-06-24 20:32:00+01', '64 Rue Ibn Khaldoun', 'Gabes', 'Tunisie', 'contact41@topnet.tn', 'CLINIC', 'Unite Mobile de Collecte Gabes 41', '+21697226984', '7906', 'ACTIVE', '{"monday":{"opens":"08:00","closes":"16:00"},"tuesday":{"opens":"08:00","closes":"16:00"},"wednesday":{"opens":"08:00","closes":"16:00"},"thursday":{"opens":"08:00","closes":"16:00"},"friday":{"opens":"08:00","closes":"13:00"},"saturday":null,"sunday":null,"closedWindows":[]}'::jsonb);
INSERT INTO donation_centers (latitude, longitude, max_regular, slot_period, total_capacity, created_at, created_by_user_id, id, updated_at, address, city, country, email, facility_type, name, phone, postal_code, status, operating_hours) VALUES (35.176075, 8.85392, 24, 30, 57, '2026-04-25 12:21:02+01', 27, 42, '2026-06-10 01:11:42+01', '34 Rue Ali Belhouane', 'Kasserine', 'Tunisie', 'contact42@yahoo.fr', 'COMMUNITY_CENTER', 'Clinique El Amen Kasserine 42', '+21655158799', '8722', 'ACTIVE', '{"monday":{"opens":"08:00","closes":"16:00"},"tuesday":{"opens":"08:00","closes":"16:00"},"wednesday":{"opens":"08:00","closes":"16:00"},"thursday":{"opens":"08:00","closes":"16:00"},"friday":{"opens":"08:00","closes":"13:00"},"saturday":null,"sunday":null,"closedWindows":[]}'::jsonb);
INSERT INTO donation_centers (latitude, longitude, max_regular, slot_period, total_capacity, created_at, created_by_user_id, id, updated_at, address, city, country, email, facility_type, name, phone, postal_code, status, operating_hours) VALUES (36.50807, 8.796055, 21, 15, 23, '2026-04-07 16:52:01+01', 1, 43, '2026-05-09 17:53:41+01', '14 Rue de Palestine', 'Jendouba', 'Tunisie', 'contact43@gmail.com', 'HOSPITAL', 'Hopital Universitaire Jendouba 43', '+21692442043', '7173', 'ACTIVE', '{"monday":{"opens":"08:00","closes":"16:00"},"tuesday":{"opens":"08:00","closes":"16:00"},"wednesday":{"opens":"08:00","closes":"16:00"},"thursday":{"opens":"08:00","closes":"16:00"},"friday":{"opens":"08:00","closes":"13:00"},"saturday":null,"sunday":null,"closedWindows":[]}'::jsonb);
INSERT INTO donation_centers (latitude, longitude, max_regular, slot_period, total_capacity, created_at, created_by_user_id, id, updated_at, address, city, country, email, facility_type, name, phone, postal_code, status, operating_hours) VALUES (33.352461, 10.489499, 28, 30, 91, '2026-06-07 00:19:45+01', 29, 44, '2026-06-16 06:38:39+01', '131 Avenue de la Republique', 'Medenine', 'Tunisie', 'contact44@outlook.com', 'BLOOD_BANK', 'Centre Communautaire de Sante Medenine 44', '+21696658004', '2663', 'ACTIVE', '{"monday":{"opens":"08:00","closes":"16:00"},"tuesday":{"opens":"08:00","closes":"16:00"},"wednesday":{"opens":"08:00","closes":"16:00"},"thursday":{"opens":"08:00","closes":"16:00"},"friday":{"opens":"08:00","closes":"13:00"},"saturday":null,"sunday":null,"closedWindows":[]}'::jsonb);
INSERT INTO donation_centers (latitude, longitude, max_regular, slot_period, total_capacity, created_at, created_by_user_id, id, updated_at, address, city, country, email, facility_type, name, phone, postal_code, status, operating_hours) VALUES (35.517899, 11.078659, 23, 30, 97, '2026-05-08 12:27:11+01', 97, 45, '2026-05-18 23:50:40+01', '50 Rue Ibn Khaldoun', 'Mahdia', 'Tunisie', 'contact45@topnet.tn', 'HOSPITAL', 'Unite Mobile de Collecte Mahdia 45', '+21651228160', '4510', 'ACTIVE', '{"monday":{"opens":"08:00","closes":"16:00"},"tuesday":{"opens":"08:00","closes":"16:00"},"wednesday":{"opens":"08:00","closes":"16:00"},"thursday":{"opens":"08:00","closes":"16:00"},"friday":{"opens":"08:00","closes":"13:00"},"saturday":null,"sunday":null,"closedWindows":[]}'::jsonb);
INSERT INTO donation_centers (latitude, longitude, max_regular, slot_period, total_capacity, created_at, created_by_user_id, id, updated_at, address, city, country, email, facility_type, name, phone, postal_code, status, operating_hours) VALUES (35.663303, 10.099659, 20, 15, 25, '2026-02-16 08:43:47+01', 59, 46, '2026-03-09 00:46:20+01', '83 Avenue Taieb Mhiri', 'Kairouan', 'Tunisie', 'contact46@gmail.com', 'COMMUNITY_CENTER', 'Unite Mobile de Collecte Kairouan 46', '+21654798515', '5304', 'ACTIVE', '{"monday":{"opens":"08:00","closes":"16:00"},"tuesday":{"opens":"08:00","closes":"16:00"},"wednesday":{"opens":"08:00","closes":"16:00"},"thursday":{"opens":"08:00","closes":"16:00"},"friday":{"opens":"08:00","closes":"13:00"},"saturday":null,"sunday":null,"closedWindows":[]}'::jsonb);
INSERT INTO donation_centers (latitude, longitude, max_regular, slot_period, total_capacity, created_at, created_by_user_id, id, updated_at, address, city, country, email, facility_type, name, phone, postal_code, status, operating_hours) VALUES (36.867124, 10.17615, 17, 15, 64, '2026-01-30 02:23:34+01', 69, 47, '2026-03-04 15:54:34+01', '55 Rue de Palestine', 'Ariana', 'Tunisie', 'contact47@outlook.com', 'CLINIC', 'Centre Communautaire de Sante Ariana 47', '+21694398780', '1939', 'ACTIVE', '{"monday":{"opens":"08:00","closes":"16:00"},"tuesday":{"opens":"08:00","closes":"16:00"},"wednesday":{"opens":"08:00","closes":"16:00"},"thursday":{"opens":"08:00","closes":"16:00"},"friday":{"opens":"08:00","closes":"13:00"},"saturday":null,"sunday":null,"closedWindows":[]}'::jsonb);
INSERT INTO donation_centers (latitude, longitude, max_regular, slot_period, total_capacity, created_at, created_by_user_id, id, updated_at, address, city, country, email, facility_type, name, phone, postal_code, status, operating_hours) VALUES (35.494314, 11.067891, 26, 20, 68, '2026-06-16 03:24:24+01', 5, 48, '2026-06-29 14:21:30+01', '30 Rue 7 Novembre', 'Mahdia', 'Tunisie', 'contact48@outlook.com', 'COMMUNITY_CENTER', 'Clinique El Amen Mahdia 48', '+21654085887', '4987', 'PENDING_APPROVAL', '{"monday":{"opens":"08:00","closes":"16:00"},"tuesday":{"opens":"08:00","closes":"16:00"},"wednesday":{"opens":"08:00","closes":"16:00"},"thursday":{"opens":"08:00","closes":"16:00"},"friday":{"opens":"08:00","closes":"13:00"},"saturday":null,"sunday":null,"closedWindows":[]}'::jsonb);
INSERT INTO donation_centers (latitude, longitude, max_regular, slot_period, total_capacity, created_at, created_by_user_id, id, updated_at, address, city, country, email, facility_type, name, phone, postal_code, status, operating_hours) VALUES (36.741, 10.219456, 15, 30, 20, '2026-06-21 11:39:12+01', 99, 49, '2026-06-27 08:18:13+01', '54 Rue de Palestine', 'Ben Arous', 'Tunisie', 'contact49@yahoo.fr', 'MOBILE_UNIT', 'Hopital Regional Ben Arous 49', '+21623861207', '6872', 'ACTIVE', '{"monday":{"opens":"08:00","closes":"16:00"},"tuesday":{"opens":"08:00","closes":"16:00"},"wednesday":{"opens":"08:00","closes":"16:00"},"thursday":{"opens":"08:00","closes":"16:00"},"friday":{"opens":"08:00","closes":"13:00"},"saturday":null,"sunday":null,"closedWindows":[]}'::jsonb);
INSERT INTO donation_centers (latitude, longitude, max_regular, slot_period, total_capacity, created_at, created_by_user_id, id, updated_at, address, city, country, email, facility_type, name, phone, postal_code, status, operating_hours) VALUES (35.80853, 10.62402, 12, 20, 72, '2026-02-15 19:15:55+01', 73, 50, '2026-04-09 04:46:34+01', '104 Rue 7 Novembre', 'Sousse', 'Tunisie', 'contact50@outlook.com', 'BLOOD_BANK', 'Banque de Sang Regionale Sousse 50', '+21691809190', '6741', 'ACTIVE', '{"monday":{"opens":"08:00","closes":"16:00"},"tuesday":{"opens":"08:00","closes":"16:00"},"wednesday":{"opens":"08:00","closes":"16:00"},"thursday":{"opens":"08:00","closes":"16:00"},"friday":{"opens":"08:00","closes":"13:00"},"saturday":null,"sunday":null,"closedWindows":[]}'::jsonb);

-- =========================================================
-- USER_ROLES
-- =========================================================

INSERT INTO user_roles (assigned_at, id, user_id, role) VALUES ('2026-04-15 19:47:53+01', 2, 37, 'CENTER_STAFF');
INSERT INTO user_roles (assigned_at, id, user_id, role) VALUES ('2026-05-20 04:10:31+01', 3, 77, 'SUPER_ADMIN');
INSERT INTO user_roles (assigned_at, id, user_id, role) VALUES ('2026-02-08 17:40:45+01', 4, 37, 'DONOR');
INSERT INTO user_roles (assigned_at, id, user_id, role) VALUES ('2026-01-07 22:47:42+01', 5, 49, 'DONOR');
INSERT INTO user_roles (assigned_at, id, user_id, role) VALUES ('2026-02-17 08:59:23+01', 6, 85, 'SUPER_ADMIN');
INSERT INTO user_roles (assigned_at, id, user_id, role) VALUES ('2026-06-11 16:44:49+01', 7, 61, 'CENTER_ADMIN');
INSERT INTO user_roles (assigned_at, id, user_id, role) VALUES ('2026-04-08 17:52:52+01', 8, 69, 'CENTER_ADMIN');
INSERT INTO user_roles (assigned_at, id, user_id, role) VALUES ('2026-04-29 08:43:48+01', 9, 17, 'DONOR');
INSERT INTO user_roles (assigned_at, id, user_id, role) VALUES ('2026-01-28 03:52:41+01', 10, 69, 'CENTER_STAFF');
INSERT INTO user_roles (assigned_at, id, user_id, role) VALUES ('2026-03-13 04:18:10+01', 11, 81, 'CENTER_ADMIN');
INSERT INTO user_roles (assigned_at, id, user_id, role) VALUES ('2026-06-11 05:42:26+01', 12, 39, 'CENTER_STAFF');
INSERT INTO user_roles (assigned_at, id, user_id, role) VALUES ('2026-04-17 18:09:01+01', 13, 1, 'CENTER_ADMIN');
INSERT INTO user_roles (assigned_at, id, user_id, role) VALUES ('2026-06-05 01:14:06+01', 14, 15, 'SUPER_ADMIN');
INSERT INTO user_roles (assigned_at, id, user_id, role) VALUES ('2026-01-25 11:58:25+01', 15, 1, 'DONOR');
INSERT INTO user_roles (assigned_at, id, user_id, role) VALUES ('2026-04-01 18:51:56+01', 16, 69, 'SUPER_ADMIN');
INSERT INTO user_roles (assigned_at, id, user_id, role) VALUES ('2026-01-17 16:16:48+01', 17, 39, 'CENTER_ADMIN');
INSERT INTO user_roles (assigned_at, id, user_id, role) VALUES ('2026-03-08 00:15:56+01', 18, 95, 'CENTER_STAFF');
INSERT INTO user_roles (assigned_at, id, user_id, role) VALUES ('2026-01-03 05:52:59+01', 19, 27, 'DONOR');
INSERT INTO user_roles (assigned_at, id, user_id, role) VALUES ('2026-02-13 10:49:53+01', 20, 83, 'CENTER_ADMIN');
INSERT INTO user_roles (assigned_at, id, user_id, role) VALUES ('2026-06-24 08:02:56+01', 21, 21, 'CENTER_ADMIN');
INSERT INTO user_roles (assigned_at, id, user_id, role) VALUES ('2026-06-27 13:23:17+01', 22, 29, 'CENTER_STAFF');
INSERT INTO user_roles (assigned_at, id, user_id, role) VALUES ('2026-05-04 19:47:17+01', 23, 25, 'SUPER_ADMIN');
INSERT INTO user_roles (assigned_at, id, user_id, role) VALUES ('2026-05-18 00:13:00+01', 24, 23, 'SUPER_ADMIN');
INSERT INTO user_roles (assigned_at, id, user_id, role) VALUES ('2026-01-26 16:05:09+01', 25, 97, 'DONOR');
INSERT INTO user_roles (assigned_at, id, user_id, role) VALUES ('2026-01-30 01:45:05+01', 26, 83, 'SUPER_ADMIN');
INSERT INTO user_roles (assigned_at, id, user_id, role) VALUES ('2026-04-13 13:27:34+01', 27, 37, 'SUPER_ADMIN');
INSERT INTO user_roles (assigned_at, id, user_id, role) VALUES ('2026-04-13 11:05:59+01', 28, 33, 'SUPER_ADMIN');
INSERT INTO user_roles (assigned_at, id, user_id, role) VALUES ('2026-06-07 18:20:57+01', 29, 25, 'DONOR');
INSERT INTO user_roles (assigned_at, id, user_id, role) VALUES ('2026-01-27 17:20:03+01', 30, 43, 'CENTER_STAFF');
INSERT INTO user_roles (assigned_at, id, user_id, role) VALUES ('2026-05-13 11:02:36+01', 31, 17, 'CENTER_ADMIN');
INSERT INTO user_roles (assigned_at, id, user_id, role) VALUES ('2026-06-19 20:30:25+01', 32, 13, 'CENTER_STAFF');
INSERT INTO user_roles (assigned_at, id, user_id, role) VALUES ('2026-01-08 15:05:55+01', 33, 79, 'SUPER_ADMIN');
INSERT INTO user_roles (assigned_at, id, user_id, role) VALUES ('2026-05-18 18:41:54+01', 34, 25, 'CENTER_STAFF');
INSERT INTO user_roles (assigned_at, id, user_id, role) VALUES ('2026-02-12 03:56:26+01', 35, 63, 'DONOR');
INSERT INTO user_roles (assigned_at, id, user_id, role) VALUES ('2026-02-18 01:11:42+01', 36, 89, 'CENTER_ADMIN');
INSERT INTO user_roles (assigned_at, id, user_id, role) VALUES ('2026-02-12 13:46:07+01', 37, 73, 'CENTER_STAFF');
INSERT INTO user_roles (assigned_at, id, user_id, role) VALUES ('2026-05-02 00:18:46+01', 38, 41, 'DONOR');
INSERT INTO user_roles (assigned_at, id, user_id, role) VALUES ('2026-04-04 19:28:43+01', 39, 21, 'SUPER_ADMIN');
INSERT INTO user_roles (assigned_at, id, user_id, role) VALUES ('2026-05-24 04:36:24+01', 40, 41, 'CENTER_ADMIN');
INSERT INTO user_roles (assigned_at, id, user_id, role) VALUES ('2026-03-12 09:13:09+01', 41, 29, 'DONOR');
INSERT INTO user_roles (assigned_at, id, user_id, role) VALUES ('2026-06-16 00:21:04+01', 42, 35, 'CENTER_STAFF');
INSERT INTO user_roles (assigned_at, id, user_id, role) VALUES ('2026-06-09 10:52:59+01', 43, 17, 'CENTER_STAFF');
INSERT INTO user_roles (assigned_at, id, user_id, role) VALUES ('2026-01-08 12:52:01+01', 44, 61, 'DONOR');
INSERT INTO user_roles (assigned_at, id, user_id, role) VALUES ('2026-04-28 09:24:33+01', 45, 57, 'CENTER_STAFF');
INSERT INTO user_roles (assigned_at, id, user_id, role) VALUES ('2026-01-19 23:10:14+01', 46, 99, 'CENTER_STAFF');
INSERT INTO user_roles (assigned_at, id, user_id, role) VALUES ('2026-06-25 03:17:17+01', 47, 63, 'SUPER_ADMIN');
INSERT INTO user_roles (assigned_at, id, user_id, role) VALUES ('2026-04-25 16:36:43+01', 48, 35, 'CENTER_ADMIN');
INSERT INTO user_roles (assigned_at, id, user_id, role) VALUES ('2026-02-19 16:46:54+01', 49, 93, 'SUPER_ADMIN');
INSERT INTO user_roles (assigned_at, id, user_id, role) VALUES ('2026-05-15 05:57:10+01', 50, 3, 'SUPER_ADMIN');

-- =========================================================
-- DONOR_PROFILES
-- =========================================================
INSERT INTO donor_profiles (allow_emergency_notifications, blood_type_verified, consecutive_emergency_declines, eligible_from_date, flagged_for_manual_review, last_donation_date, latitude, longitude, permanently_restricted, profile_complete, reliability_score, total_donations, created_at, deleted_at, deletion_requested_at, id, last_accept_at, updated_at, user_id, availability, blood_type, city, restriction_reason, status, notification_preferences) VALUES (FALSE, TRUE, 3, NULL, FALSE, NULL, 36.185261, 8.695231, FALSE, FALSE, 34.5, 15, '2026-04-29 07:43:17+01', NULL, NULL, 2, NULL, '2026-04-29 17:37:11+01', 65, 'TEMPORARILY_UNAVAILABLE', 'O_NEGATIVE', 'Le Kef', NULL, 'ACTIVE', '{"sms":true,"email":true,"push":false}'::jsonb);
INSERT INTO donor_profiles (allow_emergency_notifications, blood_type_verified, consecutive_emergency_declines, eligible_from_date, flagged_for_manual_review, last_donation_date, latitude, longitude, permanently_restricted, profile_complete, reliability_score, total_donations, created_at, deleted_at, deletion_requested_at, id, last_accept_at, updated_at, user_id, availability, blood_type, city, restriction_reason, status, notification_preferences) VALUES (FALSE, FALSE, 3, NULL, FALSE, '2026-04-19', 36.850099, 10.165572, FALSE, TRUE, 21.07, 5, '2026-05-25 01:42:00+01', NULL, NULL, 4, NULL, '2026-06-09 04:14:11+01', 47, 'TEMPORARILY_UNAVAILABLE', 'A_POSITIVE', 'Ariana', NULL, 'ACTIVE', '{"sms":true,"email":true,"push":false}'::jsonb);
INSERT INTO donor_profiles (allow_emergency_notifications, blood_type_verified, consecutive_emergency_declines, eligible_from_date, flagged_for_manual_review, last_donation_date, latitude, longitude, permanently_restricted, profile_complete, reliability_score, total_donations, created_at, deleted_at, deletion_requested_at, id, last_accept_at, updated_at, user_id, availability, blood_type, city, restriction_reason, status, notification_preferences) VALUES (TRUE, TRUE, 3, NULL, FALSE, '2026-01-11', 33.885809, 10.077868, TRUE, TRUE, 66.17, 9, '2026-04-24 23:10:08+01', NULL, NULL, 6, NULL, '2026-05-09 10:45:53+01', 7, 'PERMANENTLY_RESTRICTED', 'O_NEGATIVE', 'Gabes', NULL, 'ACTIVE', '{"sms":true,"email":true,"push":false}'::jsonb);
INSERT INTO donor_profiles (allow_emergency_notifications, blood_type_verified, consecutive_emergency_declines, eligible_from_date, flagged_for_manual_review, last_donation_date, latitude, longitude, permanently_restricted, profile_complete, reliability_score, total_donations, created_at, deleted_at, deletion_requested_at, id, last_accept_at, updated_at, user_id, availability, blood_type, city, restriction_reason, status, notification_preferences) VALUES (TRUE, TRUE, 1, NULL, FALSE, NULL, 36.849462, 10.159346, FALSE, TRUE, 22.98, 12, '2026-06-03 05:57:02+01', NULL, NULL, 8, '2026-06-03 16:54:57+01', '2026-06-17 16:00:40+01', 63, 'PERMANENTLY_RESTRICTED', 'B_POSITIVE', 'Ariana', NULL, 'ACTIVE', '{"sms":true,"email":true,"push":false}'::jsonb);
INSERT INTO donor_profiles (allow_emergency_notifications, blood_type_verified, consecutive_emergency_declines, eligible_from_date, flagged_for_manual_review, last_donation_date, latitude, longitude, permanently_restricted, profile_complete, reliability_score, total_donations, created_at, deleted_at, deletion_requested_at, id, last_accept_at, updated_at, user_id, availability, blood_type, city, restriction_reason, status, notification_preferences) VALUES (TRUE, TRUE, 3, NULL, FALSE, NULL, 36.783878, 10.095752, FALSE, TRUE, 93.77, 13, '2026-04-22 07:05:20+01', NULL, NULL, 10, NULL, '2026-05-18 01:12:57+01', 73, 'AVAILABLE', 'UNKNOWN', 'Manouba', NULL, 'ACTIVE', '{"sms":true,"email":true,"push":false}'::jsonb);
INSERT INTO donor_profiles (allow_emergency_notifications, blood_type_verified, consecutive_emergency_declines, eligible_from_date, flagged_for_manual_review, last_donation_date, latitude, longitude, permanently_restricted, profile_complete, reliability_score, total_donations, created_at, deleted_at, deletion_requested_at, id, last_accept_at, updated_at, user_id, availability, blood_type, city, restriction_reason, status, notification_preferences) VALUES (FALSE, FALSE, 0, '2026-06-26', FALSE, '2026-05-15', 36.484869, 8.798438, FALSE, TRUE, 59.83, 13, '2026-06-24 11:10:13+01', NULL, NULL, 12, '2026-06-24 12:00:22+01', '2026-06-29 04:49:17+01', 21, 'AVAILABLE', 'UNKNOWN', 'Jendouba', NULL, 'ACTIVE', '{"sms":true,"email":true,"push":false}'::jsonb);
INSERT INTO donor_profiles (allow_emergency_notifications, blood_type_verified, consecutive_emergency_declines, eligible_from_date, flagged_for_manual_review, last_donation_date, latitude, longitude, permanently_restricted, profile_complete, reliability_score, total_donations, created_at, deleted_at, deletion_requested_at, id, last_accept_at, updated_at, user_id, availability, blood_type, city, restriction_reason, status, notification_preferences) VALUES (TRUE, TRUE, 2, NULL, FALSE, '2026-01-20', 37.275586, 9.866402, FALSE, TRUE, 68.06, 6, '2026-06-16 08:58:52+01', NULL, NULL, 14, NULL, '2026-06-27 16:58:13+01', 97, 'PERMANENTLY_RESTRICTED', 'B_POSITIVE', 'Bizerte', NULL, 'INACTIVE', '{"sms":true,"email":true,"push":false}'::jsonb);
INSERT INTO donor_profiles (allow_emergency_notifications, blood_type_verified, consecutive_emergency_declines, eligible_from_date, flagged_for_manual_review, last_donation_date, latitude, longitude, permanently_restricted, profile_complete, reliability_score, total_donations, created_at, deleted_at, deletion_requested_at, id, last_accept_at, updated_at, user_id, availability, blood_type, city, restriction_reason, status, notification_preferences) VALUES (TRUE, TRUE, 0, NULL, FALSE, NULL, 33.343446, 10.504426, FALSE, TRUE, 21.45, 12, '2026-06-28 18:13:04+01', NULL, NULL, 16, NULL, '2026-06-30 10:05:09+01', 89, 'AVAILABLE', 'B_POSITIVE', 'Medenine', NULL, 'ACTIVE', '{"sms":true,"email":true,"push":false}'::jsonb);
INSERT INTO donor_profiles (allow_emergency_notifications, blood_type_verified, consecutive_emergency_declines, eligible_from_date, flagged_for_manual_review, last_donation_date, latitude, longitude, permanently_restricted, profile_complete, reliability_score, total_donations, created_at, deleted_at, deletion_requested_at, id, last_accept_at, updated_at, user_id, availability, blood_type, city, restriction_reason, status, notification_preferences) VALUES (TRUE, TRUE, 1, '2026-05-08', FALSE, NULL, 36.753474, 9.152017, FALSE, TRUE, 65.62, 9, '2026-02-14 09:51:47+01', NULL, NULL, 18, NULL, '2026-05-06 22:04:12+01', 33, 'TEMPORARILY_UNAVAILABLE', 'O_NEGATIVE', 'Beja', NULL, 'ACTIVE', '{"sms":true,"email":true,"push":false}'::jsonb);
INSERT INTO donor_profiles (allow_emergency_notifications, blood_type_verified, consecutive_emergency_declines, eligible_from_date, flagged_for_manual_review, last_donation_date, latitude, longitude, permanently_restricted, profile_complete, reliability_score, total_donations, created_at, deleted_at, deletion_requested_at, id, last_accept_at, updated_at, user_id, availability, blood_type, city, restriction_reason, status, notification_preferences) VALUES (TRUE, FALSE, 1, NULL, FALSE, '2026-05-22', 35.475343, 11.083234, FALSE, FALSE, 8.68, 8, '2026-06-18 08:02:44+01', NULL, NULL, 20, NULL, '2026-06-22 17:58:04+01', 13, 'PERMANENTLY_RESTRICTED', 'O_POSITIVE', 'Mahdia', NULL, 'ACTIVE', '{"sms":true,"email":true,"push":false}'::jsonb);
INSERT INTO donor_profiles (allow_emergency_notifications, blood_type_verified, consecutive_emergency_declines, eligible_from_date, flagged_for_manual_review, last_donation_date, latitude, longitude, permanently_restricted, profile_complete, reliability_score, total_donations, created_at, deleted_at, deletion_requested_at, id, last_accept_at, updated_at, user_id, availability, blood_type, city, restriction_reason, status, notification_preferences) VALUES (TRUE, TRUE, 2, NULL, FALSE, '2026-05-12', 36.164619, 8.685722, FALSE, TRUE, 92.97, 0, '2026-05-28 11:30:55+01', NULL, NULL, 22, '2026-06-11 01:25:13+01', '2026-06-01 00:44:20+01', 91, 'AVAILABLE', 'UNKNOWN', 'Le Kef', NULL, 'PENDING_DELETION', '{"sms":true,"email":true,"push":false}'::jsonb);
INSERT INTO donor_profiles (allow_emergency_notifications, blood_type_verified, consecutive_emergency_declines, eligible_from_date, flagged_for_manual_review, last_donation_date, latitude, longitude, permanently_restricted, profile_complete, reliability_score, total_donations, created_at, deleted_at, deletion_requested_at, id, last_accept_at, updated_at, user_id, availability, blood_type, city, restriction_reason, status, notification_preferences) VALUES (TRUE, TRUE, 3, NULL, FALSE, '2026-05-24', 34.415398, 8.761221, FALSE, FALSE, 45.88, 14, '2026-05-11 05:58:31+01', NULL, NULL, 24, NULL, '2026-06-23 20:29:34+01', 15, 'PERMANENTLY_RESTRICTED', 'A_NEGATIVE', 'Gafsa', NULL, 'ACTIVE', '{"sms":true,"email":true,"push":false}'::jsonb);
INSERT INTO donor_profiles (allow_emergency_notifications, blood_type_verified, consecutive_emergency_declines, eligible_from_date, flagged_for_manual_review, last_donation_date, latitude, longitude, permanently_restricted, profile_complete, reliability_score, total_donations, created_at, deleted_at, deletion_requested_at, id, last_accept_at, updated_at, user_id, availability, blood_type, city, restriction_reason, status, notification_preferences) VALUES (FALSE, TRUE, 0, NULL, FALSE, '2026-02-27', 35.652153, 10.10432, FALSE, TRUE, 74.88, 10, '2026-06-29 18:51:57+01', NULL, NULL, 26, '2026-06-30 18:16:32+01', '2026-06-30 06:50:37+01', 29, 'VACATION_MODE', 'B_NEGATIVE', 'Kairouan', NULL, 'ACTIVE', '{"sms":true,"email":true,"push":false}'::jsonb);
INSERT INTO donor_profiles (allow_emergency_notifications, blood_type_verified, consecutive_emergency_declines, eligible_from_date, flagged_for_manual_review, last_donation_date, latitude, longitude, permanently_restricted, profile_complete, reliability_score, total_donations, created_at, deleted_at, deletion_requested_at, id, last_accept_at, updated_at, user_id, availability, blood_type, city, restriction_reason, status, notification_preferences) VALUES (FALSE, FALSE, 1, '2026-06-23', FALSE, '2026-02-06', 36.168745, 8.741627, FALSE, TRUE, 11.99, 2, '2026-05-19 19:07:13+01', NULL, NULL, 28, NULL, '2026-06-16 16:26:07+01', 99, 'AVAILABLE', 'UNKNOWN', 'Le Kef', NULL, 'PENDING_DELETION', '{"sms":true,"email":true,"push":false}'::jsonb);
INSERT INTO donor_profiles (allow_emergency_notifications, blood_type_verified, consecutive_emergency_declines, eligible_from_date, flagged_for_manual_review, last_donation_date, latitude, longitude, permanently_restricted, profile_complete, reliability_score, total_donations, created_at, deleted_at, deletion_requested_at, id, last_accept_at, updated_at, user_id, availability, blood_type, city, restriction_reason, status, notification_preferences) VALUES (TRUE, TRUE, 1, NULL, FALSE, NULL, 34.761481, 10.752572, FALSE, TRUE, 57.67, 1, '2026-02-27 06:23:09+01', NULL, NULL, 30, NULL, '2026-04-20 13:21:44+01', 1, 'AVAILABLE', 'UNKNOWN', 'Sfax', NULL, 'INACTIVE', '{"sms":true,"email":true,"push":false}'::jsonb);
INSERT INTO donor_profiles (allow_emergency_notifications, blood_type_verified, consecutive_emergency_declines, eligible_from_date, flagged_for_manual_review, last_donation_date, latitude, longitude, permanently_restricted, profile_complete, reliability_score, total_donations, created_at, deleted_at, deletion_requested_at, id, last_accept_at, updated_at, user_id, availability, blood_type, city, restriction_reason, status, notification_preferences) VALUES (TRUE, FALSE, 0, NULL, FALSE, NULL, 33.333523, 10.51658, FALSE, TRUE, 86.18, 5, '2026-06-25 18:13:09+01', NULL, NULL, 32, NULL, '2026-06-26 23:05:53+01', 5, 'PERMANENTLY_RESTRICTED', 'AB_NEGATIVE', 'Medenine', NULL, 'DELETED', '{"sms":true,"email":true,"push":false}'::jsonb);
INSERT INTO donor_profiles (allow_emergency_notifications, blood_type_verified, consecutive_emergency_declines, eligible_from_date, flagged_for_manual_review, last_donation_date, latitude, longitude, permanently_restricted, profile_complete, reliability_score, total_donations, created_at, deleted_at, deletion_requested_at, id, last_accept_at, updated_at, user_id, availability, blood_type, city, restriction_reason, status, notification_preferences) VALUES (TRUE, TRUE, 1, NULL, FALSE, '2026-03-14', 33.320935, 10.500837, FALSE, TRUE, 85.63, 6, '2026-05-05 22:20:16+01', NULL, NULL, 34, '2026-06-28 13:11:25+01', '2026-05-14 06:58:51+01', 71, 'AVAILABLE', 'B_POSITIVE', 'Medenine', NULL, 'ACTIVE', '{"sms":true,"email":true,"push":false}'::jsonb);
INSERT INTO donor_profiles (allow_emergency_notifications, blood_type_verified, consecutive_emergency_declines, eligible_from_date, flagged_for_manual_review, last_donation_date, latitude, longitude, permanently_restricted, profile_complete, reliability_score, total_donations, created_at, deleted_at, deletion_requested_at, id, last_accept_at, updated_at, user_id, availability, blood_type, city, restriction_reason, status, notification_preferences) VALUES (FALSE, TRUE, 0, '2026-06-23', FALSE, NULL, 36.501076, 8.810034, FALSE, TRUE, 62.99, 14, '2026-06-07 07:06:52+01', NULL, NULL, 36, NULL, '2026-06-13 09:51:15+01', 31, 'VACATION_MODE', 'UNKNOWN', 'Jendouba', NULL, 'ACTIVE', '{"sms":true,"email":true,"push":false}'::jsonb);
INSERT INTO donor_profiles (allow_emergency_notifications, blood_type_verified, consecutive_emergency_declines, eligible_from_date, flagged_for_manual_review, last_donation_date, latitude, longitude, permanently_restricted, profile_complete, reliability_score, total_donations, created_at, deleted_at, deletion_requested_at, id, last_accept_at, updated_at, user_id, availability, blood_type, city, restriction_reason, status, notification_preferences) VALUES (FALSE, TRUE, 1, NULL, FALSE, NULL, 36.428711, 10.128363, FALSE, TRUE, 77.47, 14, '2026-06-19 09:23:20+01', NULL, NULL, 38, NULL, '2026-06-23 18:02:07+01', 69, 'VACATION_MODE', 'O_NEGATIVE', 'Zaghouan', NULL, 'ACTIVE', '{"sms":true,"email":true,"push":false}'::jsonb);
INSERT INTO donor_profiles (allow_emergency_notifications, blood_type_verified, consecutive_emergency_declines, eligible_from_date, flagged_for_manual_review, last_donation_date, latitude, longitude, permanently_restricted, profile_complete, reliability_score, total_donations, created_at, deleted_at, deletion_requested_at, id, last_accept_at, updated_at, user_id, availability, blood_type, city, restriction_reason, status, notification_preferences) VALUES (TRUE, FALSE, 0, '2026-06-23', FALSE, '2026-04-21', 36.780696, 10.240995, FALSE, TRUE, 64.46, 8, '2026-06-20 22:33:17+01', NULL, NULL, 40, NULL, '2026-06-28 15:59:36+01', 79, 'VACATION_MODE', 'UNKNOWN', 'Ben Arous', NULL, 'PENDING_DELETION', '{"sms":true,"email":true,"push":false}'::jsonb);
INSERT INTO donor_profiles (allow_emergency_notifications, blood_type_verified, consecutive_emergency_declines, eligible_from_date, flagged_for_manual_review, last_donation_date, latitude, longitude, permanently_restricted, profile_complete, reliability_score, total_donations, created_at, deleted_at, deletion_requested_at, id, last_accept_at, updated_at, user_id, availability, blood_type, city, restriction_reason, status, notification_preferences) VALUES (FALSE, FALSE, 0, '2026-05-13', FALSE, NULL, 35.499539, 11.043233, FALSE, TRUE, 5.38, 12, '2026-04-11 15:41:12+01', NULL, NULL, 42, NULL, '2026-06-30 12:19:45+01', 23, 'AVAILABLE', 'AB_POSITIVE', 'Mahdia', NULL, 'ACTIVE', '{"sms":true,"email":true,"push":false}'::jsonb);
INSERT INTO donor_profiles (allow_emergency_notifications, blood_type_verified, consecutive_emergency_declines, eligible_from_date, flagged_for_manual_review, last_donation_date, latitude, longitude, permanently_restricted, profile_complete, reliability_score, total_donations, created_at, deleted_at, deletion_requested_at, id, last_accept_at, updated_at, user_id, availability, blood_type, city, restriction_reason, status, notification_preferences) VALUES (TRUE, TRUE, 1, '2026-06-27', FALSE, '2026-02-21', 36.787416, 10.10649, FALSE, TRUE, 97.5, 8, '2026-06-20 04:41:15+01', NULL, NULL, 44, NULL, '2026-06-21 15:11:02+01', 25, 'TEMPORARILY_UNAVAILABLE', 'O_NEGATIVE', 'Manouba', NULL, 'ACTIVE', '{"sms":true,"email":true,"push":false}'::jsonb);
INSERT INTO donor_profiles (allow_emergency_notifications, blood_type_verified, consecutive_emergency_declines, eligible_from_date, flagged_for_manual_review, last_donation_date, latitude, longitude, permanently_restricted, profile_complete, reliability_score, total_donations, created_at, deleted_at, deletion_requested_at, id, last_accept_at, updated_at, user_id, availability, blood_type, city, restriction_reason, status, notification_preferences) VALUES (TRUE, TRUE, 0, '2026-04-27', FALSE, '2026-06-14', 36.768235, 10.241538, FALSE, TRUE, 81.54, 4, '2026-03-20 20:19:19+01', NULL, NULL, 46, '2026-05-07 16:46:02+01', '2026-03-21 16:40:46+01', 9, 'PERMANENTLY_RESTRICTED', 'O_NEGATIVE', 'Ben Arous', NULL, 'ACTIVE', '{"sms":true,"email":true,"push":false}'::jsonb);
INSERT INTO donor_profiles (allow_emergency_notifications, blood_type_verified, consecutive_emergency_declines, eligible_from_date, flagged_for_manual_review, last_donation_date, latitude, longitude, permanently_restricted, profile_complete, reliability_score, total_donations, created_at, deleted_at, deletion_requested_at, id, last_accept_at, updated_at, user_id, availability, blood_type, city, restriction_reason, status, notification_preferences) VALUES (TRUE, TRUE, 3, '2026-06-27', FALSE, '2026-03-09', 34.395548, 8.780026, FALSE, TRUE, 7.92, 7, '2026-06-18 12:22:01+01', NULL, NULL, 48, NULL, '2026-06-28 08:51:40+01', 11, 'VACATION_MODE', 'AB_POSITIVE', 'Gafsa', NULL, 'ACTIVE', '{"sms":true,"email":true,"push":false}'::jsonb);
INSERT INTO donor_profiles (allow_emergency_notifications, blood_type_verified, consecutive_emergency_declines, eligible_from_date, flagged_for_manual_review, last_donation_date, latitude, longitude, permanently_restricted, profile_complete, reliability_score, total_donations, created_at, deleted_at, deletion_requested_at, id, last_accept_at, updated_at, user_id, availability, blood_type, city, restriction_reason, status, notification_preferences) VALUES (TRUE, FALSE, 2, NULL, FALSE, '2026-02-22', 36.767876, 10.237429, FALSE, TRUE, 96.97, 0, '2026-04-21 06:45:19+01', NULL, NULL, 50, '2026-04-28 11:55:46+01', '2026-05-10 06:34:07+01', 3, 'PERMANENTLY_RESTRICTED', 'A_POSITIVE', 'Ben Arous', NULL, 'INACTIVE', '{"sms":true,"email":true,"push":false}'::jsonb);
INSERT INTO donor_profiles (allow_emergency_notifications, blood_type_verified, consecutive_emergency_declines, eligible_from_date, flagged_for_manual_review, last_donation_date, latitude, longitude, permanently_restricted, profile_complete, reliability_score, total_donations, created_at, deleted_at, deletion_requested_at, id, last_accept_at, updated_at, user_id, availability, blood_type, city, restriction_reason, status, notification_preferences) VALUES (TRUE, TRUE, 0, '2026-06-20', FALSE, NULL, 35.753412, 10.797083, FALSE, TRUE, 7.14, 15, '2026-04-24 17:34:14+01', NULL, NULL, 52, '2026-06-23 20:01:50+01', '2026-05-11 12:18:21+01', 35, 'PERMANENTLY_RESTRICTED', 'A_POSITIVE', 'Monastir', NULL, 'ACTIVE', '{"sms":true,"email":true,"push":false}'::jsonb);
INSERT INTO donor_profiles (allow_emergency_notifications, blood_type_verified, consecutive_emergency_declines, eligible_from_date, flagged_for_manual_review, last_donation_date, latitude, longitude, permanently_restricted, profile_complete, reliability_score, total_donations, created_at, deleted_at, deletion_requested_at, id, last_accept_at, updated_at, user_id, availability, blood_type, city, restriction_reason, status, notification_preferences) VALUES (TRUE, FALSE, 0, NULL, FALSE, '2026-06-29', 37.302876, 9.886781, FALSE, TRUE, 31.21, 10, '2026-03-25 07:39:19+01', NULL, NULL, 54, '2026-06-04 07:58:52+01', '2026-06-05 22:34:03+01', 45, 'AVAILABLE', 'AB_POSITIVE', 'Bizerte', NULL, 'DELETED', '{"sms":true,"email":true,"push":false}'::jsonb);
INSERT INTO donor_profiles (allow_emergency_notifications, blood_type_verified, consecutive_emergency_declines, eligible_from_date, flagged_for_manual_review, last_donation_date, latitude, longitude, permanently_restricted, profile_complete, reliability_score, total_donations, created_at, deleted_at, deletion_requested_at, id, last_accept_at, updated_at, user_id, availability, blood_type, city, restriction_reason, status, notification_preferences) VALUES (TRUE, TRUE, 1, NULL, FALSE, '2026-01-21', 33.928011, 8.115423, FALSE, TRUE, 96.88, 15, '2026-06-10 12:44:05+01', NULL, NULL, 56, NULL, '2026-06-13 16:15:25+01', 41, 'AVAILABLE', 'B_NEGATIVE', 'Tozeur', NULL, 'INACTIVE', '{"sms":true,"email":true,"push":false}'::jsonb);
INSERT INTO donor_profiles (allow_emergency_notifications, blood_type_verified, consecutive_emergency_declines, eligible_from_date, flagged_for_manual_review, last_donation_date, latitude, longitude, permanently_restricted, profile_complete, reliability_score, total_donations, created_at, deleted_at, deletion_requested_at, id, last_accept_at, updated_at, user_id, availability, blood_type, city, restriction_reason, status, notification_preferences) VALUES (TRUE, TRUE, 1, NULL, FALSE, NULL, 36.866295, 10.175857, FALSE, TRUE, 98.17, 11, '2026-04-18 17:43:50+01', NULL, NULL, 58, NULL, '2026-05-20 19:21:42+01', 27, 'TEMPORARILY_UNAVAILABLE', 'A_POSITIVE', 'Ariana', NULL, 'DELETED', '{"sms":true,"email":true,"push":false}'::jsonb);
INSERT INTO donor_profiles (allow_emergency_notifications, blood_type_verified, consecutive_emergency_declines, eligible_from_date, flagged_for_manual_review, last_donation_date, latitude, longitude, permanently_restricted, profile_complete, reliability_score, total_donations, created_at, deleted_at, deletion_requested_at, id, last_accept_at, updated_at, user_id, availability, blood_type, city, restriction_reason, status, notification_preferences) VALUES (TRUE, TRUE, 1, NULL, FALSE, '2026-02-23', 36.71709, 9.159784, FALSE, FALSE, 59.87, 5, '2026-06-19 11:46:33+01', NULL, NULL, 60, '2026-06-21 05:58:39+01', '2026-06-22 20:15:54+01', 77, 'VACATION_MODE', 'UNKNOWN', 'Beja', NULL, 'ACTIVE', '{"sms":true,"email":true,"push":false}'::jsonb);
INSERT INTO donor_profiles (allow_emergency_notifications, blood_type_verified, consecutive_emergency_declines, eligible_from_date, flagged_for_manual_review, last_donation_date, latitude, longitude, permanently_restricted, profile_complete, reliability_score, total_donations, created_at, deleted_at, deletion_requested_at, id, last_accept_at, updated_at, user_id, availability, blood_type, city, restriction_reason, status, notification_preferences) VALUES (TRUE, TRUE, 1, '2026-04-08', FALSE, NULL, 33.337145, 10.521955, FALSE, TRUE, 68.32, 4, '2026-04-02 15:48:32+01', NULL, NULL, 62, NULL, '2026-05-01 10:14:04+01', 85, 'VACATION_MODE', 'A_NEGATIVE', 'Medenine', NULL, 'ACTIVE', '{"sms":true,"email":true,"push":false}'::jsonb);
INSERT INTO donor_profiles (allow_emergency_notifications, blood_type_verified, consecutive_emergency_declines, eligible_from_date, flagged_for_manual_review, last_donation_date, latitude, longitude, permanently_restricted, profile_complete, reliability_score, total_donations, created_at, deleted_at, deletion_requested_at, id, last_accept_at, updated_at, user_id, availability, blood_type, city, restriction_reason, status, notification_preferences) VALUES (TRUE, TRUE, 0, '2026-06-20', FALSE, NULL, 37.275792, 9.847901, FALSE, TRUE, 59.03, 1, '2026-06-01 02:03:27+01', NULL, NULL, 64, '2026-06-19 02:40:24+01', '2026-06-03 04:39:27+01', 87, 'TEMPORARILY_UNAVAILABLE', 'O_NEGATIVE', 'Bizerte', NULL, 'ACTIVE', '{"sms":true,"email":true,"push":false}'::jsonb);
INSERT INTO donor_profiles (allow_emergency_notifications, blood_type_verified, consecutive_emergency_declines, eligible_from_date, flagged_for_manual_review, last_donation_date, latitude, longitude, permanently_restricted, profile_complete, reliability_score, total_donations, created_at, deleted_at, deletion_requested_at, id, last_accept_at, updated_at, user_id, availability, blood_type, city, restriction_reason, status, notification_preferences) VALUES (FALSE, FALSE, 0, NULL, FALSE, NULL, 35.823684, 10.645235, FALSE, TRUE, 30.39, 6, '2026-03-07 11:31:53+01', NULL, NULL, 66, NULL, '2026-03-18 16:24:11+01', 43, 'TEMPORARILY_UNAVAILABLE', 'UNKNOWN', 'Sousse', NULL, 'ACTIVE', '{"sms":true,"email":true,"push":false}'::jsonb);
INSERT INTO donor_profiles (allow_emergency_notifications, blood_type_verified, consecutive_emergency_declines, eligible_from_date, flagged_for_manual_review, last_donation_date, latitude, longitude, permanently_restricted, profile_complete, reliability_score, total_donations, created_at, deleted_at, deletion_requested_at, id, last_accept_at, updated_at, user_id, availability, blood_type, city, restriction_reason, status, notification_preferences) VALUES (TRUE, TRUE, 2, NULL, FALSE, '2026-05-16', 36.706968, 9.183272, FALSE, TRUE, 79.25, 12, '2026-02-20 09:09:16+01', NULL, NULL, 68, NULL, '2026-05-17 03:47:06+01', 39, 'PERMANENTLY_RESTRICTED', 'AB_NEGATIVE', 'Beja', NULL, 'ACTIVE', '{"sms":true,"email":true,"push":false}'::jsonb);
INSERT INTO donor_profiles (allow_emergency_notifications, blood_type_verified, consecutive_emergency_declines, eligible_from_date, flagged_for_manual_review, last_donation_date, latitude, longitude, permanently_restricted, profile_complete, reliability_score, total_donations, created_at, deleted_at, deletion_requested_at, id, last_accept_at, updated_at, user_id, availability, blood_type, city, restriction_reason, status, notification_preferences) VALUES (FALSE, TRUE, 1, NULL, FALSE, NULL, 35.170605, 8.866311, FALSE, FALSE, 25.41, 14, '2026-06-02 19:54:27+01', NULL, NULL, 70, NULL, '2026-06-13 22:47:20+01', 17, 'AVAILABLE', 'AB_POSITIVE', 'Kasserine', NULL, 'ACTIVE', '{"sms":true,"email":true,"push":false}'::jsonb);
INSERT INTO donor_profiles (allow_emergency_notifications, blood_type_verified, consecutive_emergency_declines, eligible_from_date, flagged_for_manual_review, last_donation_date, latitude, longitude, permanently_restricted, profile_complete, reliability_score, total_donations, created_at, deleted_at, deletion_requested_at, id, last_accept_at, updated_at, user_id, availability, blood_type, city, restriction_reason, status, notification_preferences) VALUES (TRUE, TRUE, 2, NULL, FALSE, NULL, 36.779078, 10.075305, FALSE, TRUE, 9.43, 14, '2026-06-25 00:03:40+01', NULL, NULL, 72, '2026-06-25 19:25:47+01', '2026-06-27 03:25:49+01', 49, 'TEMPORARILY_UNAVAILABLE', 'B_NEGATIVE', 'Manouba', NULL, 'ACTIVE', '{"sms":true,"email":true,"push":false}'::jsonb);
INSERT INTO donor_profiles (allow_emergency_notifications, blood_type_verified, consecutive_emergency_declines, eligible_from_date, flagged_for_manual_review, last_donation_date, latitude, longitude, permanently_restricted, profile_complete, reliability_score, total_donations, created_at, deleted_at, deletion_requested_at, id, last_accept_at, updated_at, user_id, availability, blood_type, city, restriction_reason, status, notification_preferences) VALUES (FALSE, FALSE, 1, '2026-06-21', FALSE, NULL, 35.696764, 10.071814, FALSE, TRUE, 64.23, 1, '2026-04-02 02:35:30+01', NULL, NULL, 74, NULL, '2026-05-23 19:33:56+01', 51, 'AVAILABLE', 'A_POSITIVE', 'Kairouan', NULL, 'PENDING_DELETION', '{"sms":true,"email":true,"push":false}'::jsonb);
INSERT INTO donor_profiles (allow_emergency_notifications, blood_type_verified, consecutive_emergency_declines, eligible_from_date, flagged_for_manual_review, last_donation_date, latitude, longitude, permanently_restricted, profile_complete, reliability_score, total_donations, created_at, deleted_at, deletion_requested_at, id, last_accept_at, updated_at, user_id, availability, blood_type, city, restriction_reason, status, notification_preferences) VALUES (TRUE, FALSE, 0, NULL, FALSE, NULL, 35.158476, 8.855529, FALSE, TRUE, 31.93, 4, '2026-05-25 17:01:44+01', NULL, NULL, 76, '2026-06-19 21:58:26+01', '2026-05-31 05:50:48+01', 19, 'PERMANENTLY_RESTRICTED', 'O_NEGATIVE', 'Kasserine', NULL, 'INACTIVE', '{"sms":true,"email":true,"push":false}'::jsonb);
INSERT INTO donor_profiles (allow_emergency_notifications, blood_type_verified, consecutive_emergency_declines, eligible_from_date, flagged_for_manual_review, last_donation_date, latitude, longitude, permanently_restricted, profile_complete, reliability_score, total_donations, created_at, deleted_at, deletion_requested_at, id, last_accept_at, updated_at, user_id, availability, blood_type, city, restriction_reason, status, notification_preferences) VALUES (TRUE, FALSE, 3, '2026-04-30', FALSE, '2026-03-03', 36.812615, 10.072605, FALSE, TRUE, 48.09, 6, '2026-03-20 07:08:43+01', NULL, NULL, 78, NULL, '2026-05-26 04:14:02+01', 53, 'TEMPORARILY_UNAVAILABLE', 'UNKNOWN', 'Manouba', NULL, 'ACTIVE', '{"sms":true,"email":true,"push":false}'::jsonb);
INSERT INTO donor_profiles (allow_emergency_notifications, blood_type_verified, consecutive_emergency_declines, eligible_from_date, flagged_for_manual_review, last_donation_date, latitude, longitude, permanently_restricted, profile_complete, reliability_score, total_donations, created_at, deleted_at, deletion_requested_at, id, last_accept_at, updated_at, user_id, availability, blood_type, city, restriction_reason, status, notification_preferences) VALUES (TRUE, TRUE, 3, '2026-04-02', FALSE, '2026-05-04', 36.837925, 10.098655, FALSE, TRUE, 30.48, 11, '2026-02-14 01:42:32+01', NULL, NULL, 80, NULL, '2026-06-29 11:41:58+01', 75, 'PERMANENTLY_RESTRICTED', 'B_POSITIVE', 'Manouba', NULL, 'ACTIVE', '{"sms":true,"email":true,"push":false}'::jsonb);
INSERT INTO donor_profiles (allow_emergency_notifications, blood_type_verified, consecutive_emergency_declines, eligible_from_date, flagged_for_manual_review, last_donation_date, latitude, longitude, permanently_restricted, profile_complete, reliability_score, total_donations, created_at, deleted_at, deletion_requested_at, id, last_accept_at, updated_at, user_id, availability, blood_type, city, restriction_reason, status, notification_preferences) VALUES (FALSE, TRUE, 0, '2026-05-27', FALSE, NULL, 35.477393, 11.08129, FALSE, TRUE, 34.33, 3, '2026-04-01 05:30:03+01', NULL, NULL, 82, '2026-05-13 22:06:13+01', '2026-05-01 07:09:59+01', 61, 'TEMPORARILY_UNAVAILABLE', 'B_NEGATIVE', 'Mahdia', NULL, 'ACTIVE', '{"sms":true,"email":true,"push":false}'::jsonb);
INSERT INTO donor_profiles (allow_emergency_notifications, blood_type_verified, consecutive_emergency_declines, eligible_from_date, flagged_for_manual_review, last_donation_date, latitude, longitude, permanently_restricted, profile_complete, reliability_score, total_donations, created_at, deleted_at, deletion_requested_at, id, last_accept_at, updated_at, user_id, availability, blood_type, city, restriction_reason, status, notification_preferences) VALUES (TRUE, TRUE, 0, '2026-04-04', FALSE, '2026-05-07', 36.404196, 10.128419, FALSE, TRUE, 46.5, 0, '2026-03-29 12:28:12+01', NULL, NULL, 84, '2026-05-30 03:23:41+01', '2026-05-30 09:14:14+01', 67, 'VACATION_MODE', 'A_NEGATIVE', 'Zaghouan', NULL, 'ACTIVE', '{"sms":true,"email":true,"push":false}'::jsonb);
INSERT INTO donor_profiles (allow_emergency_notifications, blood_type_verified, consecutive_emergency_declines, eligible_from_date, flagged_for_manual_review, last_donation_date, latitude, longitude, permanently_restricted, profile_complete, reliability_score, total_donations, created_at, deleted_at, deletion_requested_at, id, last_accept_at, updated_at, user_id, availability, blood_type, city, restriction_reason, status, notification_preferences) VALUES (FALSE, TRUE, 0, '2026-05-06', FALSE, '2026-05-09', 36.79405, 10.204504, FALSE, TRUE, 24.74, 9, '2026-03-12 02:25:07+01', NULL, NULL, 86, '2026-04-24 15:54:38+01', '2026-03-29 11:40:22+01', 93, 'VACATION_MODE', 'AB_NEGATIVE', 'Tunis', NULL, 'DELETED', '{"sms":true,"email":true,"push":false}'::jsonb);
INSERT INTO donor_profiles (allow_emergency_notifications, blood_type_verified, consecutive_emergency_declines, eligible_from_date, flagged_for_manual_review, last_donation_date, latitude, longitude, permanently_restricted, profile_complete, reliability_score, total_donations, created_at, deleted_at, deletion_requested_at, id, last_accept_at, updated_at, user_id, availability, blood_type, city, restriction_reason, status, notification_preferences) VALUES (TRUE, FALSE, 0, NULL, FALSE, NULL, 33.347414, 10.489572, FALSE, TRUE, 39.28, 4, '2026-06-26 21:45:14+01', NULL, NULL, 88, '2026-06-28 09:46:32+01', '2026-06-30 16:17:14+01', 83, 'TEMPORARILY_UNAVAILABLE', 'O_POSITIVE', 'Medenine', NULL, 'ACTIVE', '{"sms":true,"email":true,"push":false}'::jsonb);
INSERT INTO donor_profiles (allow_emergency_notifications, blood_type_verified, consecutive_emergency_declines, eligible_from_date, flagged_for_manual_review, last_donation_date, latitude, longitude, permanently_restricted, profile_complete, reliability_score, total_donations, created_at, deleted_at, deletion_requested_at, id, last_accept_at, updated_at, user_id, availability, blood_type, city, restriction_reason, status, notification_preferences) VALUES (TRUE, TRUE, 1, NULL, FALSE, '2026-01-25', 35.782374, 10.821788, FALSE, TRUE, 13.53, 4, '2026-03-27 18:46:04+01', NULL, NULL, 90, NULL, '2026-05-20 11:18:31+01', 55, 'TEMPORARILY_UNAVAILABLE', 'AB_NEGATIVE', 'Monastir', NULL, 'ACTIVE', '{"sms":true,"email":true,"push":false}'::jsonb);
INSERT INTO donor_profiles (allow_emergency_notifications, blood_type_verified, consecutive_emergency_declines, eligible_from_date, flagged_for_manual_review, last_donation_date, latitude, longitude, permanently_restricted, profile_complete, reliability_score, total_donations, created_at, deleted_at, deletion_requested_at, id, last_accept_at, updated_at, user_id, availability, blood_type, city, restriction_reason, status, notification_preferences) VALUES (FALSE, FALSE, 3, NULL, FALSE, NULL, 35.82904, 10.663816, FALSE, FALSE, 63.68, 8, '2026-04-20 13:16:14+01', NULL, NULL, 92, '2026-05-03 22:46:27+01', '2026-04-29 22:18:36+01', 57, 'AVAILABLE', 'AB_POSITIVE', 'Sousse', NULL, 'ACTIVE', '{"sms":true,"email":true,"push":false}'::jsonb);
INSERT INTO donor_profiles (allow_emergency_notifications, blood_type_verified, consecutive_emergency_declines, eligible_from_date, flagged_for_manual_review, last_donation_date, latitude, longitude, permanently_restricted, profile_complete, reliability_score, total_donations, created_at, deleted_at, deletion_requested_at, id, last_accept_at, updated_at, user_id, availability, blood_type, city, restriction_reason, status, notification_preferences) VALUES (TRUE, TRUE, 3, NULL, FALSE, '2026-05-05', 36.812123, 10.081055, FALSE, TRUE, 13.75, 6, '2026-02-12 05:48:53+01', NULL, NULL, 94, '2026-04-09 20:51:28+01', '2026-06-26 12:16:23+01', 95, 'VACATION_MODE', 'O_POSITIVE', 'Manouba', NULL, 'ACTIVE', '{"sms":true,"email":true,"push":false}'::jsonb);
INSERT INTO donor_profiles (allow_emergency_notifications, blood_type_verified, consecutive_emergency_declines, eligible_from_date, flagged_for_manual_review, last_donation_date, latitude, longitude, permanently_restricted, profile_complete, reliability_score, total_donations, created_at, deleted_at, deletion_requested_at, id, last_accept_at, updated_at, user_id, availability, blood_type, city, restriction_reason, status, notification_preferences) VALUES (FALSE, FALSE, 3, NULL, FALSE, NULL, 35.792542, 10.855495, FALSE, TRUE, 77.62, 12, '2026-05-18 02:41:17+01', NULL, NULL, 96, NULL, '2026-06-04 08:16:30+01', 59, 'AVAILABLE', 'UNKNOWN', 'Monastir', NULL, 'ACTIVE', '{"sms":true,"email":true,"push":false}'::jsonb);
INSERT INTO donor_profiles (allow_emergency_notifications, blood_type_verified, consecutive_emergency_declines, eligible_from_date, flagged_for_manual_review, last_donation_date, latitude, longitude, permanently_restricted, profile_complete, reliability_score, total_donations, created_at, deleted_at, deletion_requested_at, id, last_accept_at, updated_at, user_id, availability, blood_type, city, restriction_reason, status, notification_preferences) VALUES (FALSE, TRUE, 0, '2026-05-17', FALSE, '2026-03-13', 37.271497, 9.893521, FALSE, TRUE, 16.65, 9, '2026-04-13 11:17:27+01', NULL, NULL, 98, NULL, '2026-04-17 17:52:38+01', 81, 'TEMPORARILY_UNAVAILABLE', 'O_NEGATIVE', 'Bizerte', NULL, 'DELETED', '{"sms":true,"email":true,"push":false}'::jsonb);
INSERT INTO donor_profiles (allow_emergency_notifications, blood_type_verified, consecutive_emergency_declines, eligible_from_date, flagged_for_manual_review, last_donation_date, latitude, longitude, permanently_restricted, profile_complete, reliability_score, total_donations, created_at, deleted_at, deletion_requested_at, id, last_accept_at, updated_at, user_id, availability, blood_type, city, restriction_reason, status, notification_preferences) VALUES (TRUE, TRUE, 3, '2026-04-30', FALSE, NULL, 36.750402, 10.232259, FALSE, FALSE, 88.25, 2, '2026-04-28 12:30:19+01', NULL, NULL, 100, '2026-06-11 07:33:58+01', '2026-06-24 22:56:01+01', 37, 'TEMPORARILY_UNAVAILABLE', 'A_NEGATIVE', 'Ben Arous', NULL, 'ACTIVE', '{"sms":true,"email":true,"push":false}'::jsonb);

-- =========================================================
-- CENTER_ADMIN_PROFILES
-- =========================================================
INSERT INTO center_admin_profiles (center_id, created_at, id, user_id) VALUES (6, '2026-01-21 22:33:45+01', 1, 99);
INSERT INTO center_admin_profiles (center_id, created_at, id, user_id) VALUES (29, '2026-04-25 18:48:06+01', 2, 39);
INSERT INTO center_admin_profiles (center_id, created_at, id, user_id) VALUES (6, '2026-04-05 21:10:35+01', 3, 41);
INSERT INTO center_admin_profiles (center_id, created_at, id, user_id) VALUES (25, '2026-05-12 12:49:02+01', 4, 11);
INSERT INTO center_admin_profiles (center_id, created_at, id, user_id) VALUES (33, '2026-04-21 19:29:53+01', 5, 71);
INSERT INTO center_admin_profiles (center_id, created_at, id, user_id) VALUES (11, '2026-03-10 16:26:08+01', 6, 59);
INSERT INTO center_admin_profiles (center_id, created_at, id, user_id) VALUES (25, '2026-01-09 06:12:04+01', 7, 1);
INSERT INTO center_admin_profiles (center_id, created_at, id, user_id) VALUES (11, '2026-06-14 23:52:44+01', 8, 47);
INSERT INTO center_admin_profiles (center_id, created_at, id, user_id) VALUES (37, '2026-06-07 14:29:42+01', 9, 25);
INSERT INTO center_admin_profiles (center_id, created_at, id, user_id) VALUES (10, '2026-01-30 14:19:17+01', 10, 37);
INSERT INTO center_admin_profiles (center_id, created_at, id, user_id) VALUES (10, '2026-02-02 14:51:02+01', 11, 73);
INSERT INTO center_admin_profiles (center_id, created_at, id, user_id) VALUES (46, '2026-01-10 14:16:37+01', 12, 97);
INSERT INTO center_admin_profiles (center_id, created_at, id, user_id) VALUES (20, '2026-02-26 04:49:59+01', 13, 31);
INSERT INTO center_admin_profiles (center_id, created_at, id, user_id) VALUES (50, '2026-06-23 18:54:18+01', 14, 89);
INSERT INTO center_admin_profiles (center_id, created_at, id, user_id) VALUES (19, '2026-04-24 09:47:37+01', 15, 85);
INSERT INTO center_admin_profiles (center_id, created_at, id, user_id) VALUES (8, '2026-06-12 12:29:00+01', 16, 63);
INSERT INTO center_admin_profiles (center_id, created_at, id, user_id) VALUES (13, '2026-01-01 23:18:16+01', 17, 83);
INSERT INTO center_admin_profiles (center_id, created_at, id, user_id) VALUES (49, '2026-02-16 00:28:36+01', 18, 75);
INSERT INTO center_admin_profiles (center_id, created_at, id, user_id) VALUES (30, '2026-04-01 03:43:22+01', 19, 19);
INSERT INTO center_admin_profiles (center_id, created_at, id, user_id) VALUES (32, '2026-04-09 10:26:49+01', 20, 87);
INSERT INTO center_admin_profiles (center_id, created_at, id, user_id) VALUES (1, '2026-04-21 01:47:11+01', 21, 79);
INSERT INTO center_admin_profiles (center_id, created_at, id, user_id) VALUES (32, '2026-02-13 06:29:20+01', 22, 27);
INSERT INTO center_admin_profiles (center_id, created_at, id, user_id) VALUES (38, '2026-04-30 08:49:36+01', 23, 61);
INSERT INTO center_admin_profiles (center_id, created_at, id, user_id) VALUES (30, '2026-03-16 08:46:32+01', 24, 15);
INSERT INTO center_admin_profiles (center_id, created_at, id, user_id) VALUES (6, '2026-04-19 20:28:12+01', 25, 35);
INSERT INTO center_admin_profiles (center_id, created_at, id, user_id) VALUES (1, '2026-02-14 12:05:50+01', 26, 23);
INSERT INTO center_admin_profiles (center_id, created_at, id, user_id) VALUES (36, '2026-02-20 12:47:06+01', 27, 95);
INSERT INTO center_admin_profiles (center_id, created_at, id, user_id) VALUES (41, '2026-04-11 23:18:02+01', 28, 45);
INSERT INTO center_admin_profiles (center_id, created_at, id, user_id) VALUES (14, '2026-01-10 03:54:58+01', 29, 55);
INSERT INTO center_admin_profiles (center_id, created_at, id, user_id) VALUES (10, '2026-01-11 06:32:13+01', 30, 21);
INSERT INTO center_admin_profiles (center_id, created_at, id, user_id) VALUES (23, '2026-01-07 23:04:32+01', 31, 43);
INSERT INTO center_admin_profiles (center_id, created_at, id, user_id) VALUES (3, '2026-05-01 17:25:44+01', 32, 67);
INSERT INTO center_admin_profiles (center_id, created_at, id, user_id) VALUES (39, '2026-02-24 04:50:55+01', 33, 69);
INSERT INTO center_admin_profiles (center_id, created_at, id, user_id) VALUES (6, '2026-01-10 04:24:13+01', 34, 7);
INSERT INTO center_admin_profiles (center_id, created_at, id, user_id) VALUES (27, '2026-06-29 16:51:38+01', 35, 13);
INSERT INTO center_admin_profiles (center_id, created_at, id, user_id) VALUES (11, '2026-05-02 15:29:45+01', 36, 17);
INSERT INTO center_admin_profiles (center_id, created_at, id, user_id) VALUES (40, '2026-04-30 15:07:31+01', 37, 33);
INSERT INTO center_admin_profiles (center_id, created_at, id, user_id) VALUES (45, '2026-04-18 17:24:20+01', 38, 65);
INSERT INTO center_admin_profiles (center_id, created_at, id, user_id) VALUES (36, '2026-02-02 08:34:48+01', 39, 53);
INSERT INTO center_admin_profiles (center_id, created_at, id, user_id) VALUES (30, '2026-05-16 14:07:06+01', 40, 77);
INSERT INTO center_admin_profiles (center_id, created_at, id, user_id) VALUES (24, '2026-06-18 11:10:14+01', 41, 5);
INSERT INTO center_admin_profiles (center_id, created_at, id, user_id) VALUES (6, '2026-05-20 01:11:38+01', 42, 9);
INSERT INTO center_admin_profiles (center_id, created_at, id, user_id) VALUES (21, '2026-03-08 20:38:33+01', 43, 3);
INSERT INTO center_admin_profiles (center_id, created_at, id, user_id) VALUES (25, '2026-05-29 09:23:12+01', 44, 91);
INSERT INTO center_admin_profiles (center_id, created_at, id, user_id) VALUES (49, '2026-03-19 11:10:00+01', 45, 49);
INSERT INTO center_admin_profiles (center_id, created_at, id, user_id) VALUES (36, '2026-01-13 01:15:31+01', 46, 29);
INSERT INTO center_admin_profiles (center_id, created_at, id, user_id) VALUES (31, '2026-01-25 14:51:08+01', 47, 57);
INSERT INTO center_admin_profiles (center_id, created_at, id, user_id) VALUES (45, '2026-06-05 10:57:18+01', 48, 51);
INSERT INTO center_admin_profiles (center_id, created_at, id, user_id) VALUES (22, '2026-04-06 11:11:32+01', 49, 93);
INSERT INTO center_admin_profiles (center_id, created_at, id, user_id) VALUES (34, '2026-02-08 05:03:00+01', 50, 81);

-- =========================================================
-- CENTER_STAFF_PROFILES
-- =========================================================
INSERT INTO center_staff_profiles (is_verified, center_id, created_at, id, user_id) VALUES (TRUE, 14, '2026-04-21 19:25:00+01', 1, 95);
INSERT INTO center_staff_profiles (is_verified, center_id, created_at, id, user_id) VALUES (TRUE, 47, '2026-06-27 02:32:38+01', 2, 11);
INSERT INTO center_staff_profiles (is_verified, center_id, created_at, id, user_id) VALUES (TRUE, 6, '2026-03-29 15:13:40+01', 3, 75);
INSERT INTO center_staff_profiles (is_verified, center_id, created_at, id, user_id) VALUES (TRUE, 46, '2026-02-22 04:05:43+01', 4, 13);
INSERT INTO center_staff_profiles (is_verified, center_id, created_at, id, user_id) VALUES (TRUE, 21, '2026-02-17 04:50:50+01', 5, 65);
INSERT INTO center_staff_profiles (is_verified, center_id, created_at, id, user_id) VALUES (TRUE, 40, '2026-03-06 04:53:33+01', 6, 17);
INSERT INTO center_staff_profiles (is_verified, center_id, created_at, id, user_id) VALUES (TRUE, 37, '2026-03-31 22:23:29+01', 7, 81);
INSERT INTO center_staff_profiles (is_verified, center_id, created_at, id, user_id) VALUES (TRUE, 32, '2026-03-31 05:31:45+01', 8, 51);
INSERT INTO center_staff_profiles (is_verified, center_id, created_at, id, user_id) VALUES (TRUE, 40, '2026-02-12 08:09:00+01', 9, 9);
INSERT INTO center_staff_profiles (is_verified, center_id, created_at, id, user_id) VALUES (TRUE, 13, '2026-01-01 14:50:54+01', 10, 99);
INSERT INTO center_staff_profiles (is_verified, center_id, created_at, id, user_id) VALUES (TRUE, 41, '2026-05-25 03:26:43+01', 11, 73);
INSERT INTO center_staff_profiles (is_verified, center_id, created_at, id, user_id) VALUES (FALSE, 14, '2026-05-25 15:42:45+01', 12, 7);
INSERT INTO center_staff_profiles (is_verified, center_id, created_at, id, user_id) VALUES (TRUE, 27, '2026-01-09 13:04:19+01', 13, 55);
INSERT INTO center_staff_profiles (is_verified, center_id, created_at, id, user_id) VALUES (TRUE, 41, '2026-02-08 15:50:52+01', 14, 89);
INSERT INTO center_staff_profiles (is_verified, center_id, created_at, id, user_id) VALUES (TRUE, 45, '2026-02-21 04:00:24+01', 15, 31);
INSERT INTO center_staff_profiles (is_verified, center_id, created_at, id, user_id) VALUES (TRUE, 20, '2026-02-24 12:49:48+01', 16, 37);
INSERT INTO center_staff_profiles (is_verified, center_id, created_at, id, user_id) VALUES (TRUE, 50, '2026-01-02 10:33:38+01', 17, 33);
INSERT INTO center_staff_profiles (is_verified, center_id, created_at, id, user_id) VALUES (TRUE, 22, '2026-03-13 19:41:08+01', 18, 41);
INSERT INTO center_staff_profiles (is_verified, center_id, created_at, id, user_id) VALUES (TRUE, 2, '2026-05-31 12:24:33+01', 19, 85);
INSERT INTO center_staff_profiles (is_verified, center_id, created_at, id, user_id) VALUES (TRUE, 22, '2026-06-16 19:18:57+01', 20, 45);
INSERT INTO center_staff_profiles (is_verified, center_id, created_at, id, user_id) VALUES (TRUE, 31, '2026-05-25 05:42:21+01', 21, 53);
INSERT INTO center_staff_profiles (is_verified, center_id, created_at, id, user_id) VALUES (TRUE, 31, '2026-01-29 09:08:00+01', 22, 47);
INSERT INTO center_staff_profiles (is_verified, center_id, created_at, id, user_id) VALUES (TRUE, 35, '2026-06-12 01:09:45+01', 23, 21);
INSERT INTO center_staff_profiles (is_verified, center_id, created_at, id, user_id) VALUES (TRUE, 27, '2026-06-17 19:11:10+01', 24, 87);
INSERT INTO center_staff_profiles (is_verified, center_id, created_at, id, user_id) VALUES (TRUE, 34, '2026-02-24 08:45:25+01', 25, 29);
INSERT INTO center_staff_profiles (is_verified, center_id, created_at, id, user_id) VALUES (TRUE, 21, '2026-04-11 13:01:39+01', 26, 79);
INSERT INTO center_staff_profiles (is_verified, center_id, created_at, id, user_id) VALUES (TRUE, 37, '2026-05-05 01:33:25+01', 27, 15);
INSERT INTO center_staff_profiles (is_verified, center_id, created_at, id, user_id) VALUES (TRUE, 23, '2026-01-13 06:50:05+01', 28, 5);
INSERT INTO center_staff_profiles (is_verified, center_id, created_at, id, user_id) VALUES (TRUE, 2, '2026-03-03 13:12:29+01', 29, 93);
INSERT INTO center_staff_profiles (is_verified, center_id, created_at, id, user_id) VALUES (TRUE, 35, '2026-06-02 09:18:06+01', 30, 83);
INSERT INTO center_staff_profiles (is_verified, center_id, created_at, id, user_id) VALUES (TRUE, 25, '2026-02-04 03:43:31+01', 31, 69);
INSERT INTO center_staff_profiles (is_verified, center_id, created_at, id, user_id) VALUES (FALSE, 49, '2026-02-25 23:28:30+01', 32, 77);
INSERT INTO center_staff_profiles (is_verified, center_id, created_at, id, user_id) VALUES (TRUE, 46, '2026-01-07 01:00:48+01', 33, 91);
INSERT INTO center_staff_profiles (is_verified, center_id, created_at, id, user_id) VALUES (TRUE, 32, '2026-06-08 15:22:30+01', 34, 39);
INSERT INTO center_staff_profiles (is_verified, center_id, created_at, id, user_id) VALUES (TRUE, 20, '2026-02-09 08:19:04+01', 35, 97);
INSERT INTO center_staff_profiles (is_verified, center_id, created_at, id, user_id) VALUES (TRUE, 8, '2026-03-09 21:06:08+01', 36, 57);
INSERT INTO center_staff_profiles (is_verified, center_id, created_at, id, user_id) VALUES (TRUE, 13, '2026-06-15 04:38:55+01', 37, 63);
INSERT INTO center_staff_profiles (is_verified, center_id, created_at, id, user_id) VALUES (FALSE, 2, '2026-05-25 13:22:39+01', 38, 71);
INSERT INTO center_staff_profiles (is_verified, center_id, created_at, id, user_id) VALUES (FALSE, 10, '2026-02-04 15:59:49+01', 39, 43);
INSERT INTO center_staff_profiles (is_verified, center_id, created_at, id, user_id) VALUES (TRUE, 47, '2026-06-08 01:38:39+01', 40, 3);
INSERT INTO center_staff_profiles (is_verified, center_id, created_at, id, user_id) VALUES (FALSE, 21, '2026-01-27 04:45:14+01', 41, 49);
INSERT INTO center_staff_profiles (is_verified, center_id, created_at, id, user_id) VALUES (TRUE, 34, '2026-05-03 11:32:21+01', 42, 25);
INSERT INTO center_staff_profiles (is_verified, center_id, created_at, id, user_id) VALUES (TRUE, 47, '2026-01-07 22:20:44+01', 43, 67);
INSERT INTO center_staff_profiles (is_verified, center_id, created_at, id, user_id) VALUES (TRUE, 34, '2026-01-22 05:48:05+01', 44, 27);
INSERT INTO center_staff_profiles (is_verified, center_id, created_at, id, user_id) VALUES (TRUE, 3, '2026-05-05 08:18:38+01', 45, 61);
INSERT INTO center_staff_profiles (is_verified, center_id, created_at, id, user_id) VALUES (FALSE, 6, '2026-03-02 11:48:40+01', 46, 23);
INSERT INTO center_staff_profiles (is_verified, center_id, created_at, id, user_id) VALUES (TRUE, 7, '2026-04-05 07:08:33+01', 47, 19);
INSERT INTO center_staff_profiles (is_verified, center_id, created_at, id, user_id) VALUES (TRUE, 20, '2026-01-05 09:23:04+01', 48, 1);
INSERT INTO center_staff_profiles (is_verified, center_id, created_at, id, user_id) VALUES (TRUE, 41, '2026-06-11 08:43:52+01', 49, 35);
INSERT INTO center_staff_profiles (is_verified, center_id, created_at, id, user_id) VALUES (TRUE, 13, '2026-02-22 01:24:35+01', 50, 59);

-- =========================================================
-- SLOTS (max_bookings = center.totalCapacity, max_regular_bookings = center.maxRegular)
-- =========================================================
INSERT INTO slots (booked_count, date, end_time, is_blocked, max_bookings, max_regular_bookings, regular_booked_count, start_time, center_id, created_at, id) VALUES (4, '2026-03-21', '10:30:00', FALSE, 72, 12, 4, '09:30:00', 50, '2026-01-10 09:01:00+01', 1);
INSERT INTO slots (booked_count, date, end_time, is_blocked, max_bookings, max_regular_bookings, regular_booked_count, start_time, center_id, created_at, id) VALUES (4, '2026-04-04', '12:30:00', FALSE, 51, 18, 4, '11:30:00', 36, '2026-03-30 01:23:45+01', 2);
INSERT INTO slots (booked_count, date, end_time, is_blocked, max_bookings, max_regular_bookings, regular_booked_count, start_time, center_id, created_at, id) VALUES (14, '2026-02-14', '10:30:00', TRUE, 50, 17, 11, '09:30:00', 37, '2026-01-03 13:34:00+01', 3);
INSERT INTO slots (booked_count, date, end_time, is_blocked, max_bookings, max_regular_bookings, regular_booked_count, start_time, center_id, created_at, id) VALUES (6, '2026-01-10', '15:00:00', FALSE, 91, 28, 6, '14:00:00', 44, '2026-01-02 22:39:37+01', 4);
INSERT INTO slots (booked_count, date, end_time, is_blocked, max_bookings, max_regular_bookings, regular_booked_count, start_time, center_id, created_at, id) VALUES (13, '2026-04-24', '16:30:00', FALSE, 91, 14, 8, '15:30:00', 38, '2026-01-23 17:22:30+01', 5);
INSERT INTO slots (booked_count, date, end_time, is_blocked, max_bookings, max_regular_bookings, regular_booked_count, start_time, center_id, created_at, id) VALUES (1, '2026-01-15', '16:15:00', FALSE, 36, 5, 1, '15:15:00', 35, '2026-01-07 17:04:34+01', 6);
INSERT INTO slots (booked_count, date, end_time, is_blocked, max_bookings, max_regular_bookings, regular_booked_count, start_time, center_id, created_at, id) VALUES (9, '2026-05-19', '16:15:00', FALSE, 25, 20, 5, '15:15:00', 46, '2026-02-05 22:40:14+01', 7);
INSERT INTO slots (booked_count, date, end_time, is_blocked, max_bookings, max_regular_bookings, regular_booked_count, start_time, center_id, created_at, id) VALUES (0, '2026-05-07', '14:30:00', FALSE, 58, 26, 0, '13:30:00', 12, '2026-01-09 13:39:51+01', 8);
INSERT INTO slots (booked_count, date, end_time, is_blocked, max_bookings, max_regular_bookings, regular_booked_count, start_time, center_id, created_at, id) VALUES (4, '2026-03-25', '11:30:00', FALSE, 99, 21, 4, '10:30:00', 31, '2026-02-12 11:50:08+01', 9);
INSERT INTO slots (booked_count, date, end_time, is_blocked, max_bookings, max_regular_bookings, regular_booked_count, start_time, center_id, created_at, id) VALUES (7, '2026-05-25', '14:00:00', FALSE, 25, 20, 7, '13:00:00', 46, '2026-02-28 01:13:18+01', 10);
INSERT INTO slots (booked_count, date, end_time, is_blocked, max_bookings, max_regular_bookings, regular_booked_count, start_time, center_id, created_at, id) VALUES (10, '2026-02-14', '11:45:00', FALSE, 78, 29, 4, '10:45:00', 40, '2026-01-10 11:53:58+01', 11);
INSERT INTO slots (booked_count, date, end_time, is_blocked, max_bookings, max_regular_bookings, regular_booked_count, start_time, center_id, created_at, id) VALUES (10, '2026-05-22', '15:30:00', FALSE, 44, 29, 5, '14:30:00', 28, '2026-04-05 17:56:38+01', 12);
INSERT INTO slots (booked_count, date, end_time, is_blocked, max_bookings, max_regular_bookings, regular_booked_count, start_time, center_id, created_at, id) VALUES (17, '2026-04-14', '16:00:00', FALSE, 25, 20, 13, '15:00:00', 46, '2026-01-11 09:24:01+01', 13);
INSERT INTO slots (booked_count, date, end_time, is_blocked, max_bookings, max_regular_bookings, regular_booked_count, start_time, center_id, created_at, id) VALUES (15, '2026-06-22', '10:00:00', FALSE, 67, 11, 8, '09:00:00', 20, '2026-04-22 06:30:54+01', 14);
INSERT INTO slots (booked_count, date, end_time, is_blocked, max_bookings, max_regular_bookings, regular_booked_count, start_time, center_id, created_at, id) VALUES (2, '2026-05-28', '18:00:00', FALSE, 32, 29, 2, '17:00:00', 14, '2026-03-08 22:05:37+01', 15);
INSERT INTO slots (booked_count, date, end_time, is_blocked, max_bookings, max_regular_bookings, regular_booked_count, start_time, center_id, created_at, id) VALUES (9, '2026-04-15', '12:15:00', FALSE, 78, 29, 7, '11:15:00', 40, '2026-04-06 20:34:48+01', 16);
INSERT INTO slots (booked_count, date, end_time, is_blocked, max_bookings, max_regular_bookings, regular_booked_count, start_time, center_id, created_at, id) VALUES (4, '2026-06-27', '14:00:00', FALSE, 25, 20, 4, '13:00:00', 46, '2026-03-13 21:01:50+01', 17);
INSERT INTO slots (booked_count, date, end_time, is_blocked, max_bookings, max_regular_bookings, regular_booked_count, start_time, center_id, created_at, id) VALUES (4, '2026-01-12', '17:00:00', FALSE, 82, 18, 4, '16:00:00', 19, '2026-01-10 08:40:43+01', 18);
INSERT INTO slots (booked_count, date, end_time, is_blocked, max_bookings, max_regular_bookings, regular_booked_count, start_time, center_id, created_at, id) VALUES (10, '2026-06-06', '12:45:00', FALSE, 82, 18, 10, '11:45:00', 19, '2026-04-22 08:52:49+01', 19);
INSERT INTO slots (booked_count, date, end_time, is_blocked, max_bookings, max_regular_bookings, regular_booked_count, start_time, center_id, created_at, id) VALUES (8, '2026-04-09', '11:45:00', FALSE, 44, 29, 4, '10:45:00', 28, '2026-02-08 00:34:03+01', 20);
INSERT INTO slots (booked_count, date, end_time, is_blocked, max_bookings, max_regular_bookings, regular_booked_count, start_time, center_id, created_at, id) VALUES (5, '2026-01-29', '11:15:00', FALSE, 20, 15, 3, '10:15:00', 27, '2026-01-01 18:33:20+01', 21);
INSERT INTO slots (booked_count, date, end_time, is_blocked, max_bookings, max_regular_bookings, regular_booked_count, start_time, center_id, created_at, id) VALUES (6, '2026-04-30', '11:00:00', FALSE, 90, 10, 6, '10:00:00', 32, '2026-04-13 16:35:46+01', 22);
INSERT INTO slots (booked_count, date, end_time, is_blocked, max_bookings, max_regular_bookings, regular_booked_count, start_time, center_id, created_at, id) VALUES (13, '2026-04-20', '15:15:00', FALSE, 97, 23, 13, '14:15:00', 45, '2026-03-02 12:09:46+01', 23);
INSERT INTO slots (booked_count, date, end_time, is_blocked, max_bookings, max_regular_bookings, regular_booked_count, start_time, center_id, created_at, id) VALUES (16, '2026-02-11', '15:00:00', FALSE, 33, 14, 10, '14:00:00', 23, '2026-01-12 08:56:32+01', 24);
INSERT INTO slots (booked_count, date, end_time, is_blocked, max_bookings, max_regular_bookings, regular_booked_count, start_time, center_id, created_at, id) VALUES (15, '2026-03-08', '09:45:00', FALSE, 50, 17, 4, '08:45:00', 37, '2026-03-05 19:23:33+01', 25);
INSERT INTO slots (booked_count, date, end_time, is_blocked, max_bookings, max_regular_bookings, regular_booked_count, start_time, center_id, created_at, id) VALUES (1, '2026-05-13', '13:45:00', FALSE, 64, 17, 1, '12:45:00', 47, '2026-02-02 16:53:33+01', 26);
INSERT INTO slots (booked_count, date, end_time, is_blocked, max_bookings, max_regular_bookings, regular_booked_count, start_time, center_id, created_at, id) VALUES (4, '2026-06-23', '10:30:00', FALSE, 23, 21, 4, '09:30:00', 43, '2026-05-16 00:26:40+01', 27);
INSERT INTO slots (booked_count, date, end_time, is_blocked, max_bookings, max_regular_bookings, regular_booked_count, start_time, center_id, created_at, id) VALUES (9, '2026-06-13', '18:30:00', TRUE, 79, 14, 9, '17:30:00', 33, '2026-02-17 11:23:00+01', 28);
INSERT INTO slots (booked_count, date, end_time, is_blocked, max_bookings, max_regular_bookings, regular_booked_count, start_time, center_id, created_at, id) VALUES (4, '2026-05-16', '18:30:00', FALSE, 33, 21, 4, '17:30:00', 39, '2026-01-24 03:49:00+01', 29);
INSERT INTO slots (booked_count, date, end_time, is_blocked, max_bookings, max_regular_bookings, regular_booked_count, start_time, center_id, created_at, id) VALUES (1, '2026-05-27', '18:00:00', FALSE, 82, 18, 1, '17:00:00', 19, '2026-01-19 20:22:55+01', 30);
INSERT INTO slots (booked_count, date, end_time, is_blocked, max_bookings, max_regular_bookings, regular_booked_count, start_time, center_id, created_at, id) VALUES (0, '2026-02-15', '18:30:00', FALSE, 80, 12, 0, '17:30:00', 18, '2026-02-03 16:44:36+01', 31);
INSERT INTO slots (booked_count, date, end_time, is_blocked, max_bookings, max_regular_bookings, regular_booked_count, start_time, center_id, created_at, id) VALUES (3, '2026-05-14', '16:30:00', FALSE, 91, 14, 3, '15:30:00', 38, '2026-03-06 19:51:35+01', 32);
INSERT INTO slots (booked_count, date, end_time, is_blocked, max_bookings, max_regular_bookings, regular_booked_count, start_time, center_id, created_at, id) VALUES (7, '2026-03-04', '10:15:00', FALSE, 74, 5, 5, '09:15:00', 3, '2026-02-17 00:06:31+01', 33);
INSERT INTO slots (booked_count, date, end_time, is_blocked, max_bookings, max_regular_bookings, regular_booked_count, start_time, center_id, created_at, id) VALUES (0, '2026-02-13', '16:15:00', FALSE, 43, 30, 0, '15:15:00', 25, '2026-01-28 22:48:48+01', 34);
INSERT INTO slots (booked_count, date, end_time, is_blocked, max_bookings, max_regular_bookings, regular_booked_count, start_time, center_id, created_at, id) VALUES (15, '2026-01-10', '16:45:00', FALSE, 60, 20, 12, '15:45:00', 8, '2026-01-08 01:10:06+01', 35);
INSERT INTO slots (booked_count, date, end_time, is_blocked, max_bookings, max_regular_bookings, regular_booked_count, start_time, center_id, created_at, id) VALUES (8, '2026-02-12', '15:45:00', TRUE, 36, 5, 5, '14:45:00', 35, '2026-02-06 21:14:23+01', 36);
INSERT INTO slots (booked_count, date, end_time, is_blocked, max_bookings, max_regular_bookings, regular_booked_count, start_time, center_id, created_at, id) VALUES (5, '2026-03-11', '14:00:00', FALSE, 37, 15, 5, '13:00:00', 29, '2026-03-08 07:26:24+01', 37);
INSERT INTO slots (booked_count, date, end_time, is_blocked, max_bookings, max_regular_bookings, regular_booked_count, start_time, center_id, created_at, id) VALUES (4, '2026-06-05', '14:30:00', FALSE, 57, 24, 4, '13:30:00', 42, '2026-04-12 18:09:25+01', 38);
INSERT INTO slots (booked_count, date, end_time, is_blocked, max_bookings, max_regular_bookings, regular_booked_count, start_time, center_id, created_at, id) VALUES (5, '2026-05-03', '12:15:00', TRUE, 72, 12, 5, '11:15:00', 50, '2026-02-08 13:15:14+01', 39);
INSERT INTO slots (booked_count, date, end_time, is_blocked, max_bookings, max_regular_bookings, regular_booked_count, start_time, center_id, created_at, id) VALUES (1, '2026-05-31', '09:45:00', FALSE, 51, 9, 1, '08:45:00', 1, '2026-04-14 03:47:54+01', 40);
INSERT INTO slots (booked_count, date, end_time, is_blocked, max_bookings, max_regular_bookings, regular_booked_count, start_time, center_id, created_at, id) VALUES (0, '2026-02-21', '12:00:00', FALSE, 64, 17, 0, '11:00:00', 47, '2026-01-04 05:37:24+01', 41);
INSERT INTO slots (booked_count, date, end_time, is_blocked, max_bookings, max_regular_bookings, regular_booked_count, start_time, center_id, created_at, id) VALUES (2, '2026-06-21', '10:00:00', FALSE, 32, 29, 2, '09:00:00', 14, '2026-03-06 14:56:00+01', 42);
INSERT INTO slots (booked_count, date, end_time, is_blocked, max_bookings, max_regular_bookings, regular_booked_count, start_time, center_id, created_at, id) VALUES (4, '2026-04-13', '11:00:00', FALSE, 57, 24, 4, '10:00:00', 42, '2026-02-17 23:06:26+01', 43);
INSERT INTO slots (booked_count, date, end_time, is_blocked, max_bookings, max_regular_bookings, regular_booked_count, start_time, center_id, created_at, id) VALUES (5, '2026-03-24', '13:45:00', FALSE, 97, 17, 5, '12:45:00', 41, '2026-03-06 08:28:45+01', 44);
INSERT INTO slots (booked_count, date, end_time, is_blocked, max_bookings, max_regular_bookings, regular_booked_count, start_time, center_id, created_at, id) VALUES (2, '2026-03-11', '14:00:00', FALSE, 51, 25, 2, '13:00:00', 4, '2026-01-31 17:35:30+01', 45);
INSERT INTO slots (booked_count, date, end_time, is_blocked, max_bookings, max_regular_bookings, regular_booked_count, start_time, center_id, created_at, id) VALUES (8, '2026-04-21', '11:45:00', FALSE, 59, 20, 4, '10:45:00', 13, '2026-03-26 21:23:14+01', 46);
INSERT INTO slots (booked_count, date, end_time, is_blocked, max_bookings, max_regular_bookings, regular_booked_count, start_time, center_id, created_at, id) VALUES (1, '2026-01-20', '16:30:00', FALSE, 57, 24, 1, '15:30:00', 42, '2026-01-02 16:06:28+01', 47);
INSERT INTO slots (booked_count, date, end_time, is_blocked, max_bookings, max_regular_bookings, regular_booked_count, start_time, center_id, created_at, id) VALUES (5, '2026-03-22', '16:15:00', FALSE, 72, 12, 3, '15:15:00', 50, '2026-02-01 13:43:44+01', 48);
INSERT INTO slots (booked_count, date, end_time, is_blocked, max_bookings, max_regular_bookings, regular_booked_count, start_time, center_id, created_at, id) VALUES (13, '2026-06-13', '18:00:00', FALSE, 55, 27, 13, '17:00:00', 22, '2026-03-08 04:06:24+01', 49);
INSERT INTO slots (booked_count, date, end_time, is_blocked, max_bookings, max_regular_bookings, regular_booked_count, start_time, center_id, created_at, id) VALUES (18, '2026-04-08', '09:45:00', FALSE, 87, 30, 6, '08:45:00', 5, '2026-02-22 06:11:16+01', 50);

-- =========================================================
-- EMERGENCY_REQUESTS
-- =========================================================
INSERT INTO emergency_requests (escalation_level, match_radius, units_needed, center_id, created_at, created_by_staff_id, expires_at, id, resolved_at, resolved_by_user_id, updated_at, blood_type, contact_phone, status, urgency) VALUES (0, 15, 9, 22, '2026-02-24 23:51:04+01', 87, '2026-06-30 10:59:14+01', 1, NULL, NULL, '2026-06-12 09:04:16+01', 'AB_NEGATIVE', '+21627432806', 'OPEN', 'HIGH');
INSERT INTO emergency_requests (escalation_level, match_radius, units_needed, center_id, created_at, created_by_staff_id, expires_at, id, resolved_at, resolved_by_user_id, updated_at, blood_type, contact_phone, status, urgency) VALUES (3, 5, 8, 20, '2026-03-12 17:56:01+01', 89, '2026-05-27 13:54:05+01', 2, NULL, NULL, '2026-06-01 16:42:32+01', 'B_POSITIVE', '+21623093761', 'OPEN', 'MEDIUM');
INSERT INTO emergency_requests (escalation_level, match_radius, units_needed, center_id, created_at, created_by_staff_id, expires_at, id, resolved_at, resolved_by_user_id, updated_at, blood_type, contact_phone, status, urgency) VALUES (0, 15, 1, 32, '2026-06-24 12:10:48+01', 69, '2026-06-30 14:55:31+01', 3, '2026-06-24 14:40:21+01', 43, '2026-06-27 01:44:39+01', 'B_NEGATIVE', '+21658782931', 'CANCELLED', 'CRITICAL');
INSERT INTO emergency_requests (escalation_level, match_radius, units_needed, center_id, created_at, created_by_staff_id, expires_at, id, resolved_at, resolved_by_user_id, updated_at, blood_type, contact_phone, status, urgency) VALUES (0, 10, 3, 48, '2026-03-30 13:53:30+01', 19, '2026-06-22 06:29:02+01', 4, NULL, NULL, '2026-03-31 21:41:52+01', 'A_POSITIVE', '+21691792911', 'OPEN', 'CRITICAL');
INSERT INTO emergency_requests (escalation_level, match_radius, units_needed, center_id, created_at, created_by_staff_id, expires_at, id, resolved_at, resolved_by_user_id, updated_at, blood_type, contact_phone, status, urgency) VALUES (3, 15, 7, 32, '2026-05-25 14:01:37+01', 77, '2026-06-23 17:52:47+01', 5, NULL, NULL, '2026-06-06 08:06:09+01', 'UNKNOWN', '+21625309251', 'OPEN', 'CRITICAL');
INSERT INTO emergency_requests (escalation_level, match_radius, units_needed, center_id, created_at, created_by_staff_id, expires_at, id, resolved_at, resolved_by_user_id, updated_at, blood_type, contact_phone, status, urgency) VALUES (1, 20, 4, 18, '2026-05-18 01:42:25+01', 19, '2026-06-03 06:14:20+01', 6, NULL, NULL, '2026-06-27 13:56:15+01', 'A_POSITIVE', '+21621962071', 'OPEN', 'CRITICAL');
INSERT INTO emergency_requests (escalation_level, match_radius, units_needed, center_id, created_at, created_by_staff_id, expires_at, id, resolved_at, resolved_by_user_id, updated_at, blood_type, contact_phone, status, urgency) VALUES (3, 10, 4, 1, '2026-06-17 12:01:31+01', 23, '2026-06-25 10:00:14+01', 7, '2026-06-21 06:48:43+01', 89, '2026-06-19 09:48:35+01', 'AB_POSITIVE', '+21657632909', 'FULFILLED', 'HIGH');
INSERT INTO emergency_requests (escalation_level, match_radius, units_needed, center_id, created_at, created_by_staff_id, expires_at, id, resolved_at, resolved_by_user_id, updated_at, blood_type, contact_phone, status, urgency) VALUES (2, 15, 7, 46, '2026-04-21 19:23:59+01', 63, '2026-06-18 16:23:17+01', 8, NULL, NULL, '2026-04-22 03:04:48+01', 'B_NEGATIVE', '+21621819588', 'OPEN', 'HIGH');
INSERT INTO emergency_requests (escalation_level, match_radius, units_needed, center_id, created_at, created_by_staff_id, expires_at, id, resolved_at, resolved_by_user_id, updated_at, blood_type, contact_phone, status, urgency) VALUES (0, 10, 8, 30, '2026-04-24 09:50:35+01', 99, '2026-04-27 23:43:01+01', 9, NULL, NULL, '2026-05-27 22:54:00+01', 'B_POSITIVE', '+21650054364', 'OPEN', 'MEDIUM');
INSERT INTO emergency_requests (escalation_level, match_radius, units_needed, center_id, created_at, created_by_staff_id, expires_at, id, resolved_at, resolved_by_user_id, updated_at, blood_type, contact_phone, status, urgency) VALUES (1, 10, 1, 40, '2026-03-24 03:02:07+01', 97, '2026-03-29 07:18:11+01', 10, NULL, NULL, '2026-05-11 00:07:43+01', 'A_NEGATIVE', '+21623799563', 'OPEN', 'MEDIUM');
INSERT INTO emergency_requests (escalation_level, match_radius, units_needed, center_id, created_at, created_by_staff_id, expires_at, id, resolved_at, resolved_by_user_id, updated_at, blood_type, contact_phone, status, urgency) VALUES (3, 10, 7, 15, '2026-01-21 05:05:44+01', 99, '2026-02-28 07:09:51+01', 11, NULL, NULL, '2026-06-13 09:13:22+01', 'A_NEGATIVE', '+21699706239', 'OPEN', 'LOW');
INSERT INTO emergency_requests (escalation_level, match_radius, units_needed, center_id, created_at, created_by_staff_id, expires_at, id, resolved_at, resolved_by_user_id, updated_at, blood_type, contact_phone, status, urgency) VALUES (1, 15, 3, 12, '2026-03-09 17:56:14+01', 49, '2026-03-31 16:53:09+01', 12, '2026-04-19 07:10:24+01', 35, '2026-03-13 09:02:38+01', 'A_POSITIVE', '+21692177625', 'FULFILLED', 'HIGH');
INSERT INTO emergency_requests (escalation_level, match_radius, units_needed, center_id, created_at, created_by_staff_id, expires_at, id, resolved_at, resolved_by_user_id, updated_at, blood_type, contact_phone, status, urgency) VALUES (1, 5, 7, 19, '2026-01-29 15:12:22+01', 77, '2026-06-23 15:26:33+01', 13, '2026-06-16 11:05:46+01', 73, '2026-06-09 01:33:16+01', 'O_NEGATIVE', '+21629774063', 'CANCELLED', 'HIGH');
INSERT INTO emergency_requests (escalation_level, match_radius, units_needed, center_id, created_at, created_by_staff_id, expires_at, id, resolved_at, resolved_by_user_id, updated_at, blood_type, contact_phone, status, urgency) VALUES (0, 20, 1, 21, '2026-04-15 22:15:04+01', 55, '2026-05-30 20:18:37+01', 14, '2026-04-27 05:38:11+01', 73, '2026-04-18 23:13:40+01', 'O_NEGATIVE', '+21658068671', 'CANCELLED', 'LOW');
INSERT INTO emergency_requests (escalation_level, match_radius, units_needed, center_id, created_at, created_by_staff_id, expires_at, id, resolved_at, resolved_by_user_id, updated_at, blood_type, contact_phone, status, urgency) VALUES (1, 15, 5, 32, '2026-01-16 07:57:08+01', 31, '2026-05-11 01:12:58+01', 15, '2026-03-24 15:03:31+01', 27, '2026-02-24 21:31:10+01', 'A_NEGATIVE', '+21627427990', 'CANCELLED', 'LOW');
INSERT INTO emergency_requests (escalation_level, match_radius, units_needed, center_id, created_at, created_by_staff_id, expires_at, id, resolved_at, resolved_by_user_id, updated_at, blood_type, contact_phone, status, urgency) VALUES (3, 5, 2, 30, '2026-01-26 08:31:07+01', 99, '2026-02-24 02:38:25+01', 16, '2026-06-10 20:41:52+01', 81, '2026-03-27 04:41:18+01', 'AB_NEGATIVE', '+21650464989', 'FULFILLED', 'HIGH');
INSERT INTO emergency_requests (escalation_level, match_radius, units_needed, center_id, created_at, created_by_staff_id, expires_at, id, resolved_at, resolved_by_user_id, updated_at, blood_type, contact_phone, status, urgency) VALUES (2, 5, 2, 44, '2026-04-23 07:48:43+01', 11, '2026-06-26 04:35:42+01', 17, '2026-05-28 14:08:07+01', 87, '2026-05-19 13:27:43+01', 'O_NEGATIVE', '+21650552818', 'FULFILLED', 'HIGH');
INSERT INTO emergency_requests (escalation_level, match_radius, units_needed, center_id, created_at, created_by_staff_id, expires_at, id, resolved_at, resolved_by_user_id, updated_at, blood_type, contact_phone, status, urgency) VALUES (1, 10, 6, 9, '2026-02-13 09:45:24+01', 43, '2026-04-20 03:56:40+01', 18, NULL, NULL, '2026-04-02 21:05:08+01', 'AB_POSITIVE', '+21656401557', 'OPEN', 'LOW');
INSERT INTO emergency_requests (escalation_level, match_radius, units_needed, center_id, created_at, created_by_staff_id, expires_at, id, resolved_at, resolved_by_user_id, updated_at, blood_type, contact_phone, status, urgency) VALUES (3, 25, 6, 33, '2026-05-31 01:39:11+01', 67, '2026-06-16 10:22:59+01', 19, '2026-06-25 11:04:08+01', 37, '2026-06-24 16:15:34+01', 'A_NEGATIVE', '+21627116241', 'FULFILLED', 'CRITICAL');
INSERT INTO emergency_requests (escalation_level, match_radius, units_needed, center_id, created_at, created_by_staff_id, expires_at, id, resolved_at, resolved_by_user_id, updated_at, blood_type, contact_phone, status, urgency) VALUES (1, 25, 1, 11, '2026-01-21 13:17:25+01', 35, '2026-02-14 16:12:46+01', 20, NULL, NULL, '2026-03-09 13:01:41+01', 'UNKNOWN', '+21627567043', 'OPEN', 'CRITICAL');
INSERT INTO emergency_requests (escalation_level, match_radius, units_needed, center_id, created_at, created_by_staff_id, expires_at, id, resolved_at, resolved_by_user_id, updated_at, blood_type, contact_phone, status, urgency) VALUES (2, 20, 10, 2, '2026-06-01 00:59:33+01', 29, '2026-06-11 01:08:50+01', 21, '2026-06-18 06:46:14+01', 83, '2026-06-20 21:05:02+01', 'UNKNOWN', '+21657749242', 'FULFILLED', 'MEDIUM');
INSERT INTO emergency_requests (escalation_level, match_radius, units_needed, center_id, created_at, created_by_staff_id, expires_at, id, resolved_at, resolved_by_user_id, updated_at, blood_type, contact_phone, status, urgency) VALUES (1, 15, 5, 15, '2026-03-09 11:04:51+01', 61, '2026-06-13 07:39:19+01', 22, NULL, NULL, '2026-04-30 03:37:12+01', 'B_POSITIVE', '+21652842222', 'OPEN', 'HIGH');
INSERT INTO emergency_requests (escalation_level, match_radius, units_needed, center_id, created_at, created_by_staff_id, expires_at, id, resolved_at, resolved_by_user_id, updated_at, blood_type, contact_phone, status, urgency) VALUES (0, 15, 6, 8, '2026-06-29 17:01:29+01', 5, '2026-06-30 04:55:04+01', 23, '2026-06-30 02:59:48+01', 27, '2026-06-29 21:00:56+01', 'O_NEGATIVE', '+21652841067', 'FULFILLED', 'HIGH');
INSERT INTO emergency_requests (escalation_level, match_radius, units_needed, center_id, created_at, created_by_staff_id, expires_at, id, resolved_at, resolved_by_user_id, updated_at, blood_type, contact_phone, status, urgency) VALUES (2, 15, 8, 30, '2026-01-29 12:01:21+01', 41, '2026-04-22 16:43:06+01', 24, NULL, NULL, '2026-06-14 23:41:45+01', 'B_POSITIVE', '+21657517028', 'EXPIRED', 'CRITICAL');
INSERT INTO emergency_requests (escalation_level, match_radius, units_needed, center_id, created_at, created_by_staff_id, expires_at, id, resolved_at, resolved_by_user_id, updated_at, blood_type, contact_phone, status, urgency) VALUES (1, 25, 9, 20, '2026-03-14 19:51:38+01', 3, '2026-05-01 23:53:02+01', 25, '2026-03-24 19:35:05+01', 7, '2026-04-07 19:41:19+01', 'AB_POSITIVE', '+21620187186', 'CANCELLED', 'HIGH');
INSERT INTO emergency_requests (escalation_level, match_radius, units_needed, center_id, created_at, created_by_staff_id, expires_at, id, resolved_at, resolved_by_user_id, updated_at, blood_type, contact_phone, status, urgency) VALUES (1, 20, 6, 32, '2026-04-20 04:56:26+01', 41, '2026-04-24 05:17:23+01', 26, '2026-06-06 23:09:05+01', 51, '2026-05-17 20:41:27+01', 'A_POSITIVE', '+21695547813', 'FULFILLED', 'LOW');
INSERT INTO emergency_requests (escalation_level, match_radius, units_needed, center_id, created_at, created_by_staff_id, expires_at, id, resolved_at, resolved_by_user_id, updated_at, blood_type, contact_phone, status, urgency) VALUES (3, 20, 3, 48, '2026-05-26 09:33:56+01', 53, '2026-06-23 22:44:14+01', 27, NULL, NULL, '2026-06-25 00:06:48+01', 'A_NEGATIVE', '+21623478519', 'OPEN', 'LOW');
INSERT INTO emergency_requests (escalation_level, match_radius, units_needed, center_id, created_at, created_by_staff_id, expires_at, id, resolved_at, resolved_by_user_id, updated_at, blood_type, contact_phone, status, urgency) VALUES (3, 25, 3, 6, '2026-03-16 05:47:00+01', 1, '2026-04-29 10:12:00+01', 28, NULL, NULL, '2026-04-06 11:31:38+01', 'O_POSITIVE', '+21698704947', 'EXPIRED', 'LOW');
INSERT INTO emergency_requests (escalation_level, match_radius, units_needed, center_id, created_at, created_by_staff_id, expires_at, id, resolved_at, resolved_by_user_id, updated_at, blood_type, contact_phone, status, urgency) VALUES (3, 5, 5, 15, '2026-05-24 03:33:47+01', 3, '2026-06-04 11:02:50+01', 29, NULL, NULL, '2026-06-08 20:51:18+01', 'O_NEGATIVE', '+21653014719', 'OPEN', 'MEDIUM');
INSERT INTO emergency_requests (escalation_level, match_radius, units_needed, center_id, created_at, created_by_staff_id, expires_at, id, resolved_at, resolved_by_user_id, updated_at, blood_type, contact_phone, status, urgency) VALUES (0, 15, 9, 38, '2026-04-13 10:04:08+01', 61, '2026-06-01 15:54:51+01', 30, '2026-05-20 17:56:41+01', 89, '2026-06-09 21:26:38+01', 'A_POSITIVE', '+21692902572', 'CANCELLED', 'MEDIUM');
INSERT INTO emergency_requests (escalation_level, match_radius, units_needed, center_id, created_at, created_by_staff_id, expires_at, id, resolved_at, resolved_by_user_id, updated_at, blood_type, contact_phone, status, urgency) VALUES (2, 25, 2, 11, '2026-02-19 13:12:28+01', 7, '2026-06-19 07:03:35+01', 31, '2026-04-07 06:50:25+01', 37, '2026-04-28 00:17:39+01', 'B_POSITIVE', '+21629285544', 'FULFILLED', 'MEDIUM');
INSERT INTO emergency_requests (escalation_level, match_radius, units_needed, center_id, created_at, created_by_staff_id, expires_at, id, resolved_at, resolved_by_user_id, updated_at, blood_type, contact_phone, status, urgency) VALUES (3, 20, 6, 7, '2026-04-16 00:45:43+01', 69, '2026-04-17 00:13:33+01', 32, '2026-05-25 07:26:16+01', 47, '2026-06-24 20:06:42+01', 'B_POSITIVE', '+21623283389', 'CANCELLED', 'CRITICAL');
INSERT INTO emergency_requests (escalation_level, match_radius, units_needed, center_id, created_at, created_by_staff_id, expires_at, id, resolved_at, resolved_by_user_id, updated_at, blood_type, contact_phone, status, urgency) VALUES (0, 20, 6, 27, '2026-06-15 16:14:49+01', 59, '2026-06-17 15:58:59+01', 33, NULL, NULL, '2026-06-20 09:34:57+01', 'AB_NEGATIVE', '+21627985240', 'OPEN', 'CRITICAL');
INSERT INTO emergency_requests (escalation_level, match_radius, units_needed, center_id, created_at, created_by_staff_id, expires_at, id, resolved_at, resolved_by_user_id, updated_at, blood_type, contact_phone, status, urgency) VALUES (1, 10, 3, 15, '2026-06-04 23:43:24+01', 17, '2026-06-10 20:15:44+01', 34, NULL, NULL, '2026-06-30 08:16:57+01', 'O_POSITIVE', '+21651107603', 'OPEN', 'CRITICAL');
INSERT INTO emergency_requests (escalation_level, match_radius, units_needed, center_id, created_at, created_by_staff_id, expires_at, id, resolved_at, resolved_by_user_id, updated_at, blood_type, contact_phone, status, urgency) VALUES (2, 5, 2, 3, '2026-04-04 00:23:30+01', 85, '2026-04-14 11:01:59+01', 35, NULL, NULL, '2026-04-30 12:08:34+01', 'A_POSITIVE', '+21621939325', 'OPEN', 'CRITICAL');
INSERT INTO emergency_requests (escalation_level, match_radius, units_needed, center_id, created_at, created_by_staff_id, expires_at, id, resolved_at, resolved_by_user_id, updated_at, blood_type, contact_phone, status, urgency) VALUES (2, 15, 3, 6, '2026-06-03 00:16:19+01', 19, '2026-06-29 09:48:24+01', 36, NULL, NULL, '2026-06-26 19:16:17+01', 'B_NEGATIVE', '+21659119083', 'EXPIRED', 'HIGH');
INSERT INTO emergency_requests (escalation_level, match_radius, units_needed, center_id, created_at, created_by_staff_id, expires_at, id, resolved_at, resolved_by_user_id, updated_at, blood_type, contact_phone, status, urgency) VALUES (3, 15, 10, 19, '2026-06-13 01:59:32+01', 21, '2026-06-30 08:44:41+01', 37, '2026-06-14 20:01:59+01', 27, '2026-06-16 08:51:26+01', 'A_NEGATIVE', '+21625663836', 'FULFILLED', 'CRITICAL');
INSERT INTO emergency_requests (escalation_level, match_radius, units_needed, center_id, created_at, created_by_staff_id, expires_at, id, resolved_at, resolved_by_user_id, updated_at, blood_type, contact_phone, status, urgency) VALUES (2, 15, 9, 49, '2026-01-23 15:30:06+01', 41, '2026-02-14 03:29:34+01', 38, NULL, NULL, '2026-05-17 21:05:31+01', 'A_NEGATIVE', '+21697164794', 'OPEN', 'LOW');
INSERT INTO emergency_requests (escalation_level, match_radius, units_needed, center_id, created_at, created_by_staff_id, expires_at, id, resolved_at, resolved_by_user_id, updated_at, blood_type, contact_phone, status, urgency) VALUES (0, 20, 6, 15, '2026-03-15 20:20:47+01', 71, '2026-04-30 15:12:13+01', 39, NULL, NULL, '2026-04-04 00:43:11+01', 'O_NEGATIVE', '+21651678112', 'EXPIRED', 'LOW');
INSERT INTO emergency_requests (escalation_level, match_radius, units_needed, center_id, created_at, created_by_staff_id, expires_at, id, resolved_at, resolved_by_user_id, updated_at, blood_type, contact_phone, status, urgency) VALUES (1, 5, 6, 26, '2026-04-17 22:17:38+01', 89, '2026-06-25 07:29:13+01', 40, NULL, NULL, '2026-06-29 00:01:31+01', 'AB_NEGATIVE', '+21629613674', 'OPEN', 'MEDIUM');
INSERT INTO emergency_requests (escalation_level, match_radius, units_needed, center_id, created_at, created_by_staff_id, expires_at, id, resolved_at, resolved_by_user_id, updated_at, blood_type, contact_phone, status, urgency) VALUES (2, 10, 8, 49, '2026-06-20 14:03:03+01', 83, '2026-06-27 10:01:10+01', 41, '2026-06-30 07:44:12+01', 63, '2026-06-21 16:37:20+01', 'AB_POSITIVE', '+21697320101', 'FULFILLED', 'LOW');
INSERT INTO emergency_requests (escalation_level, match_radius, units_needed, center_id, created_at, created_by_staff_id, expires_at, id, resolved_at, resolved_by_user_id, updated_at, blood_type, contact_phone, status, urgency) VALUES (0, 5, 9, 44, '2026-06-25 19:01:05+01', 3, '2026-06-29 05:11:22+01', 42, '2026-06-26 13:29:47+01', 79, '2026-06-29 15:52:49+01', 'O_NEGATIVE', '+21624778485', 'FULFILLED', 'CRITICAL');
INSERT INTO emergency_requests (escalation_level, match_radius, units_needed, center_id, created_at, created_by_staff_id, expires_at, id, resolved_at, resolved_by_user_id, updated_at, blood_type, contact_phone, status, urgency) VALUES (3, 20, 1, 49, '2026-06-29 03:45:45+01', 5, '2026-06-29 08:33:22+01', 43, '2026-06-29 21:52:26+01', 49, '2026-06-29 05:05:04+01', 'UNKNOWN', '+21654276246', 'CANCELLED', 'LOW');
INSERT INTO emergency_requests (escalation_level, match_radius, units_needed, center_id, created_at, created_by_staff_id, expires_at, id, resolved_at, resolved_by_user_id, updated_at, blood_type, contact_phone, status, urgency) VALUES (3, 25, 3, 49, '2026-04-14 00:16:50+01', 15, '2026-05-27 02:35:37+01', 44, '2026-05-25 23:42:51+01', 61, '2026-05-23 10:37:34+01', 'O_POSITIVE', '+21697969545', 'FULFILLED', 'CRITICAL');
INSERT INTO emergency_requests (escalation_level, match_radius, units_needed, center_id, created_at, created_by_staff_id, expires_at, id, resolved_at, resolved_by_user_id, updated_at, blood_type, contact_phone, status, urgency) VALUES (2, 20, 2, 2, '2026-01-09 11:27:11+01', 75, '2026-03-10 14:35:53+01', 45, '2026-05-17 09:00:26+01', 3, '2026-03-24 06:30:29+01', 'AB_NEGATIVE', '+21695033349', 'CANCELLED', 'CRITICAL');
INSERT INTO emergency_requests (escalation_level, match_radius, units_needed, center_id, created_at, created_by_staff_id, expires_at, id, resolved_at, resolved_by_user_id, updated_at, blood_type, contact_phone, status, urgency) VALUES (2, 5, 8, 45, '2026-06-07 04:14:52+01', 9, '2026-06-11 04:38:25+01', 46, NULL, NULL, '2026-06-22 17:41:49+01', 'O_POSITIVE', '+21658640790', 'OPEN', 'MEDIUM');
INSERT INTO emergency_requests (escalation_level, match_radius, units_needed, center_id, created_at, created_by_staff_id, expires_at, id, resolved_at, resolved_by_user_id, updated_at, blood_type, contact_phone, status, urgency) VALUES (1, 15, 8, 25, '2026-03-12 18:46:58+01', 73, '2026-06-09 17:44:55+01', 47, '2026-03-23 19:03:15+01', 87, '2026-05-07 02:42:13+01', 'AB_NEGATIVE', '+21629456371', 'FULFILLED', 'HIGH');
INSERT INTO emergency_requests (escalation_level, match_radius, units_needed, center_id, created_at, created_by_staff_id, expires_at, id, resolved_at, resolved_by_user_id, updated_at, blood_type, contact_phone, status, urgency) VALUES (1, 25, 2, 19, '2026-01-09 21:54:21+01', 33, '2026-03-20 00:42:30+01', 48, NULL, NULL, '2026-05-13 07:13:54+01', 'A_NEGATIVE', '+21655419876', 'EXPIRED', 'HIGH');
INSERT INTO emergency_requests (escalation_level, match_radius, units_needed, center_id, created_at, created_by_staff_id, expires_at, id, resolved_at, resolved_by_user_id, updated_at, blood_type, contact_phone, status, urgency) VALUES (2, 10, 7, 23, '2026-04-28 22:27:26+01', 9, '2026-06-18 12:19:15+01', 49, '2026-05-26 03:57:15+01', 69, '2026-05-24 05:44:52+01', 'UNKNOWN', '+21698208297', 'FULFILLED', 'HIGH');
INSERT INTO emergency_requests (escalation_level, match_radius, units_needed, center_id, created_at, created_by_staff_id, expires_at, id, resolved_at, resolved_by_user_id, updated_at, blood_type, contact_phone, status, urgency) VALUES (3, 25, 1, 43, '2026-06-19 15:51:43+01', 95, '2026-06-26 18:54:51+01', 50, NULL, NULL, '2026-06-25 11:54:08+01', 'AB_NEGATIVE', '+21692324665', 'OPEN', 'CRITICAL');

-- =========================================================
-- APPOINTMENTS
-- =========================================================
INSERT INTO appointments (ml_collected, cancelled_at, center_id, checked_in_at, completed_at, completed_by_staff_id, created_at, donor_id, emergency_id, id, slot_id, started_at, updated_at, user_id, appointment_type, blood_type, cancellation_reason, notes, outcome, qr_code, status) VALUES (NULL, NULL, 41, '2026-06-05 08:33:07+01', NULL, NULL, '2026-04-27 22:39:24+01', 54, 19, 1, 14, NULL, '2026-05-23 20:59:18+01', 45, 'EMERGENCY', 'A_NEGATIVE', NULL, 'RAS', NULL, 'QR-00001-1453', 'CHECKED_IN');
INSERT INTO appointments (ml_collected, cancelled_at, center_id, checked_in_at, completed_at, completed_by_staff_id, created_at, donor_id, emergency_id, id, slot_id, started_at, updated_at, user_id, appointment_type, blood_type, cancellation_reason, notes, outcome, qr_code, status) VALUES (470, NULL, 16, '2026-06-30 16:26:29+01', '2026-06-30 17:56:04+01', 3, '2026-06-29 06:16:54+01', 60, 36, 2, 20, '2026-06-30 17:09:37+01', '2026-06-30 12:04:00+01', 77, 'EMERGENCY', 'AB_POSITIVE', NULL, NULL, 'COMPLETED', 'QR-00002-3883', 'COMPLETED');
INSERT INTO appointments (ml_collected, cancelled_at, center_id, checked_in_at, completed_at, completed_by_staff_id, created_at, donor_id, emergency_id, id, slot_id, started_at, updated_at, user_id, appointment_type, blood_type, cancellation_reason, notes, outcome, qr_code, status) VALUES (NULL, NULL, 42, '2026-03-05 20:16:38+01', NULL, NULL, '2026-01-11 07:40:39+01', 94, 2, 3, 3, NULL, '2026-03-03 03:06:16+01', 95, 'EMERGENCY', 'A_NEGATIVE', NULL, NULL, NULL, 'QR-00003-7668', 'NO_SHOW');
INSERT INTO appointments (ml_collected, cancelled_at, center_id, checked_in_at, completed_at, completed_by_staff_id, created_at, donor_id, emergency_id, id, slot_id, started_at, updated_at, user_id, appointment_type, blood_type, cancellation_reason, notes, outcome, qr_code, status) VALUES (NULL, '2026-04-08 16:02:32+01', 24, '2026-06-13 17:09:40+01', NULL, NULL, '2026-03-13 23:20:57+01', 86, NULL, 4, 43, NULL, '2026-05-15 03:06:11+01', 93, 'REGULAR', 'UNKNOWN', 'Empechement personnel', NULL, 'CANCELLED', 'QR-00004-9551', 'CANCELLED');
INSERT INTO appointments (ml_collected, cancelled_at, center_id, checked_in_at, completed_at, completed_by_staff_id, created_at, donor_id, emergency_id, id, slot_id, started_at, updated_at, user_id, appointment_type, blood_type, cancellation_reason, notes, outcome, qr_code, status) VALUES (NULL, NULL, 43, '2026-06-12 13:04:52+01', NULL, NULL, '2026-06-09 23:56:05+01', 100, 32, 5, 38, NULL, '2026-06-26 19:19:51+01', 37, 'EMERGENCY', 'AB_NEGATIVE', NULL, NULL, NULL, 'QR-00005-7388', 'CHECKED_IN');
INSERT INTO appointments (ml_collected, cancelled_at, center_id, checked_in_at, completed_at, completed_by_staff_id, created_at, donor_id, emergency_id, id, slot_id, started_at, updated_at, user_id, appointment_type, blood_type, cancellation_reason, notes, outcome, qr_code, status) VALUES (NULL, NULL, 48, NULL, NULL, NULL, '2026-01-27 09:00:42+01', 32, 14, 6, 48, NULL, '2026-06-26 04:30:24+01', 5, 'EMERGENCY', 'O_NEGATIVE', NULL, NULL, NULL, 'QR-00006-1916', 'SCHEDULED');
INSERT INTO appointments (ml_collected, cancelled_at, center_id, checked_in_at, completed_at, completed_by_staff_id, created_at, donor_id, emergency_id, id, slot_id, started_at, updated_at, user_id, appointment_type, blood_type, cancellation_reason, notes, outcome, qr_code, status) VALUES (470, NULL, 32, '2026-05-22 16:35:58+01', '2026-06-30 15:50:42+01', 19, '2026-02-27 11:02:04+01', 48, NULL, 7, 35, '2026-06-29 09:32:18+01', '2026-04-27 02:08:59+01', 11, 'REGULAR', 'AB_NEGATIVE', NULL, NULL, 'COMPLETED', 'QR-00007-1345', 'COMPLETED');
INSERT INTO appointments (ml_collected, cancelled_at, center_id, checked_in_at, completed_at, completed_by_staff_id, created_at, donor_id, emergency_id, id, slot_id, started_at, updated_at, user_id, appointment_type, blood_type, cancellation_reason, notes, outcome, qr_code, status) VALUES (NULL, '2026-06-05 20:40:18+01', 42, '2026-05-19 09:11:35+01', NULL, NULL, '2026-05-06 00:02:11+01', 6, NULL, 8, 39, NULL, '2026-05-23 06:26:41+01', 7, 'REGULAR', 'AB_NEGATIVE', 'Empechement personnel', NULL, 'CANCELLED', 'QR-00008-2999', 'CANCELLED');
INSERT INTO appointments (ml_collected, cancelled_at, center_id, checked_in_at, completed_at, completed_by_staff_id, created_at, donor_id, emergency_id, id, slot_id, started_at, updated_at, user_id, appointment_type, blood_type, cancellation_reason, notes, outcome, qr_code, status) VALUES (450, NULL, 35, '2026-06-30 11:23:59+01', '2026-06-30 14:10:30+01', 97, '2026-06-14 13:12:22+01', 58, 1, 9, 16, '2026-06-30 13:35:50+01', '2026-06-19 09:26:14+01', 27, 'EMERGENCY', 'B_POSITIVE', NULL, NULL, 'COMPLETED', 'QR-00009-6196', 'COMPLETED');
INSERT INTO appointments (ml_collected, cancelled_at, center_id, checked_in_at, completed_at, completed_by_staff_id, created_at, donor_id, emergency_id, id, slot_id, started_at, updated_at, user_id, appointment_type, blood_type, cancellation_reason, notes, outcome, qr_code, status) VALUES (NULL, NULL, 50, NULL, NULL, NULL, '2026-02-19 19:07:34+01', 54, NULL, 10, 42, NULL, '2026-06-01 22:25:08+01', 45, 'REGULAR', 'O_NEGATIVE', NULL, NULL, NULL, 'QR-00010-7765', 'SCHEDULED');
INSERT INTO appointments (ml_collected, cancelled_at, center_id, checked_in_at, completed_at, completed_by_staff_id, created_at, donor_id, emergency_id, id, slot_id, started_at, updated_at, user_id, appointment_type, blood_type, cancellation_reason, notes, outcome, qr_code, status) VALUES (470, NULL, 22, '2026-06-15 04:28:15+01', '2026-06-26 19:09:22+01', 71, '2026-05-30 03:18:16+01', 56, NULL, 11, 46, '2026-06-20 16:36:11+01', '2026-06-13 12:05:55+01', 41, 'REGULAR', 'A_POSITIVE', NULL, NULL, 'COMPLETED', 'QR-00011-4010', 'COMPLETED');
INSERT INTO appointments (ml_collected, cancelled_at, center_id, checked_in_at, completed_at, completed_by_staff_id, created_at, donor_id, emergency_id, id, slot_id, started_at, updated_at, user_id, appointment_type, blood_type, cancellation_reason, notes, outcome, qr_code, status) VALUES (NULL, NULL, 41, '2026-02-25 20:53:06+01', NULL, NULL, '2026-01-01 21:19:27+01', 84, NULL, 12, 29, NULL, '2026-04-15 12:03:29+01', 67, 'REGULAR', 'A_NEGATIVE', NULL, 'RAS', NULL, 'QR-00012-9460', 'CHECKED_IN');
INSERT INTO appointments (ml_collected, cancelled_at, center_id, checked_in_at, completed_at, completed_by_staff_id, created_at, donor_id, emergency_id, id, slot_id, started_at, updated_at, user_id, appointment_type, blood_type, cancellation_reason, notes, outcome, qr_code, status) VALUES (450, NULL, 46, '2026-06-25 02:31:42+01', '2026-06-28 19:11:39+01', 95, '2026-06-03 05:01:57+01', 84, NULL, 13, 50, '2026-06-26 22:26:12+01', '2026-06-10 09:51:17+01', 67, 'REGULAR', 'AB_NEGATIVE', NULL, NULL, 'COMPLETED', 'QR-00013-4254', 'COMPLETED');
INSERT INTO appointments (ml_collected, cancelled_at, center_id, checked_in_at, completed_at, completed_by_staff_id, created_at, donor_id, emergency_id, id, slot_id, started_at, updated_at, user_id, appointment_type, blood_type, cancellation_reason, notes, outcome, qr_code, status) VALUES (450, NULL, 6, '2026-06-12 17:38:18+01', '2026-06-23 05:15:48+01', 3, '2026-03-13 08:37:00+01', 48, NULL, 14, 27, '2026-06-23 01:23:39+01', '2026-06-20 15:14:43+01', 11, 'REGULAR', 'O_NEGATIVE', NULL, 'RAS', 'COMPLETED', 'QR-00014-3764', 'COMPLETED');
INSERT INTO appointments (ml_collected, cancelled_at, center_id, checked_in_at, completed_at, completed_by_staff_id, created_at, donor_id, emergency_id, id, slot_id, started_at, updated_at, user_id, appointment_type, blood_type, cancellation_reason, notes, outcome, qr_code, status) VALUES (NULL, NULL, 4, NULL, NULL, NULL, '2026-02-17 07:00:12+01', 80, 39, 15, 26, NULL, '2026-04-07 10:11:10+01', 75, 'EMERGENCY', 'A_NEGATIVE', NULL, 'RAS', NULL, 'QR-00015-9615', 'SCHEDULED');
INSERT INTO appointments (ml_collected, cancelled_at, center_id, checked_in_at, completed_at, completed_by_staff_id, created_at, donor_id, emergency_id, id, slot_id, started_at, updated_at, user_id, appointment_type, blood_type, cancellation_reason, notes, outcome, qr_code, status) VALUES (NULL, NULL, 28, '2026-06-23 06:45:39+01', NULL, NULL, '2026-02-10 20:27:52+01', 60, 8, 16, 50, NULL, '2026-06-04 17:09:08+01', 77, 'EMERGENCY', 'AB_POSITIVE', NULL, 'RAS', NULL, 'QR-00016-9096', 'CHECKED_IN');
INSERT INTO appointments (ml_collected, cancelled_at, center_id, checked_in_at, completed_at, completed_by_staff_id, created_at, donor_id, emergency_id, id, slot_id, started_at, updated_at, user_id, appointment_type, blood_type, cancellation_reason, notes, outcome, qr_code, status) VALUES (NULL, NULL, 25, '2026-05-10 01:46:58+01', NULL, NULL, '2026-04-19 15:33:31+01', 56, NULL, 17, 9, NULL, '2026-06-07 12:44:53+01', 41, 'REGULAR', 'O_POSITIVE', NULL, 'RAS', NULL, 'QR-00017-3391', 'RESCHEDULED');
INSERT INTO appointments (ml_collected, cancelled_at, center_id, checked_in_at, completed_at, completed_by_staff_id, created_at, donor_id, emergency_id, id, slot_id, started_at, updated_at, user_id, appointment_type, blood_type, cancellation_reason, notes, outcome, qr_code, status) VALUES (NULL, NULL, 2, '2026-05-18 07:59:17+01', NULL, NULL, '2026-04-22 19:47:26+01', 34, NULL, 18, 19, NULL, '2026-06-09 01:04:48+01', 71, 'REGULAR', 'O_NEGATIVE', NULL, 'RAS', NULL, 'QR-00018-8682', 'NO_SHOW');
INSERT INTO appointments (ml_collected, cancelled_at, center_id, checked_in_at, completed_at, completed_by_staff_id, created_at, donor_id, emergency_id, id, slot_id, started_at, updated_at, user_id, appointment_type, blood_type, cancellation_reason, notes, outcome, qr_code, status) VALUES (NULL, NULL, 9, '2026-04-09 19:52:49+01', '2026-05-31 05:08:58+01', 71, '2026-02-08 15:19:36+01', 90, 44, 19, 21, '2026-05-28 19:14:00+01', '2026-02-16 01:10:12+01', 55, 'EMERGENCY', 'B_NEGATIVE', NULL, NULL, 'COMPLETED', 'QR-00019-6804', 'COMPLETED');
INSERT INTO appointments (ml_collected, cancelled_at, center_id, checked_in_at, completed_at, completed_by_staff_id, created_at, donor_id, emergency_id, id, slot_id, started_at, updated_at, user_id, appointment_type, blood_type, cancellation_reason, notes, outcome, qr_code, status) VALUES (NULL, NULL, 39, '2026-03-11 16:35:56+01', '2026-06-30 00:17:28+01', 17, '2026-01-02 07:13:25+01', 78, NULL, 20, 43, '2026-06-28 08:02:49+01', '2026-04-16 12:24:43+01', 53, 'REGULAR', 'AB_POSITIVE', NULL, 'RAS', 'COMPLETED', 'QR-00020-9074', 'COMPLETED');
INSERT INTO appointments (ml_collected, cancelled_at, center_id, checked_in_at, completed_at, completed_by_staff_id, created_at, donor_id, emergency_id, id, slot_id, started_at, updated_at, user_id, appointment_type, blood_type, cancellation_reason, notes, outcome, qr_code, status) VALUES (400, NULL, 22, '2026-03-17 01:57:46+01', '2026-04-02 13:30:04+01', 17, '2026-02-27 14:37:08+01', 18, NULL, 21, 30, '2026-03-29 10:30:44+01', '2026-06-15 00:30:27+01', 33, 'REGULAR', 'AB_POSITIVE', NULL, NULL, 'COMPLETED', 'QR-00021-8046', 'COMPLETED');
INSERT INTO appointments (ml_collected, cancelled_at, center_id, checked_in_at, completed_at, completed_by_staff_id, created_at, donor_id, emergency_id, id, slot_id, started_at, updated_at, user_id, appointment_type, blood_type, cancellation_reason, notes, outcome, qr_code, status) VALUES (NULL, NULL, 19, '2026-04-06 23:01:43+01', NULL, NULL, '2026-02-26 19:57:38+01', 80, 34, 22, 17, NULL, '2026-06-30 03:49:31+01', 75, 'EMERGENCY', 'B_POSITIVE', NULL, NULL, NULL, 'QR-00022-8208', 'NO_SHOW');
INSERT INTO appointments (ml_collected, cancelled_at, center_id, checked_in_at, completed_at, completed_by_staff_id, created_at, donor_id, emergency_id, id, slot_id, started_at, updated_at, user_id, appointment_type, blood_type, cancellation_reason, notes, outcome, qr_code, status) VALUES (NULL, NULL, 4, NULL, NULL, NULL, '2026-02-11 19:45:21+01', 20, NULL, 23, 13, NULL, '2026-03-19 23:55:35+01', 13, 'REGULAR', 'O_NEGATIVE', NULL, NULL, NULL, 'QR-00023-9108', 'SCHEDULED');
INSERT INTO appointments (ml_collected, cancelled_at, center_id, checked_in_at, completed_at, completed_by_staff_id, created_at, donor_id, emergency_id, id, slot_id, started_at, updated_at, user_id, appointment_type, blood_type, cancellation_reason, notes, outcome, qr_code, status) VALUES (NULL, '2026-04-11 15:13:02+01', 3, '2026-06-18 15:37:01+01', NULL, NULL, '2026-03-31 07:37:35+01', 46, 30, 24, 29, NULL, '2026-04-08 21:09:30+01', 9, 'EMERGENCY', 'AB_POSITIVE', 'Empechement personnel', 'RAS', 'CANCELLED', 'QR-00024-3757', 'CANCELLED');
INSERT INTO appointments (ml_collected, cancelled_at, center_id, checked_in_at, completed_at, completed_by_staff_id, created_at, donor_id, emergency_id, id, slot_id, started_at, updated_at, user_id, appointment_type, blood_type, cancellation_reason, notes, outcome, qr_code, status) VALUES (NULL, NULL, 48, '2026-05-26 04:53:50+01', NULL, NULL, '2026-04-16 15:55:38+01', 36, NULL, 25, 33, NULL, '2026-05-29 13:40:12+01', 31, 'REGULAR', 'O_POSITIVE', NULL, NULL, NULL, 'QR-00025-5033', 'RESCHEDULED');
INSERT INTO appointments (ml_collected, cancelled_at, center_id, checked_in_at, completed_at, completed_by_staff_id, created_at, donor_id, emergency_id, id, slot_id, started_at, updated_at, user_id, appointment_type, blood_type, cancellation_reason, notes, outcome, qr_code, status) VALUES (NULL, NULL, 50, NULL, NULL, NULL, '2026-06-10 12:04:36+01', 88, NULL, 26, 32, NULL, '2026-06-24 08:30:17+01', 83, 'REGULAR', 'A_NEGATIVE', NULL, NULL, NULL, 'QR-00026-2737', 'SCHEDULED');
INSERT INTO appointments (ml_collected, cancelled_at, center_id, checked_in_at, completed_at, completed_by_staff_id, created_at, donor_id, emergency_id, id, slot_id, started_at, updated_at, user_id, appointment_type, blood_type, cancellation_reason, notes, outcome, qr_code, status) VALUES (NULL, NULL, 21, '2026-05-11 03:45:39+01', '2026-06-17 01:43:36+01', 85, '2026-03-25 09:43:48+01', 4, NULL, 27, 10, '2026-06-11 23:59:34+01', '2026-04-26 12:01:09+01', 47, 'REGULAR', 'A_POSITIVE', NULL, NULL, 'COMPLETED', 'QR-00027-8423', 'COMPLETED');
INSERT INTO appointments (ml_collected, cancelled_at, center_id, checked_in_at, completed_at, completed_by_staff_id, created_at, donor_id, emergency_id, id, slot_id, started_at, updated_at, user_id, appointment_type, blood_type, cancellation_reason, notes, outcome, qr_code, status) VALUES (NULL, NULL, 21, NULL, NULL, NULL, '2026-02-08 11:38:28+01', 94, NULL, 28, 47, NULL, '2026-05-11 02:33:36+01', 95, 'REGULAR', 'AB_NEGATIVE', NULL, NULL, NULL, 'QR-00028-2158', 'SCHEDULED');
INSERT INTO appointments (ml_collected, cancelled_at, center_id, checked_in_at, completed_at, completed_by_staff_id, created_at, donor_id, emergency_id, id, slot_id, started_at, updated_at, user_id, appointment_type, blood_type, cancellation_reason, notes, outcome, qr_code, status) VALUES (NULL, NULL, 36, NULL, NULL, NULL, '2026-03-14 07:51:18+01', 50, NULL, 29, 39, NULL, '2026-06-27 00:59:00+01', 3, 'REGULAR', 'O_POSITIVE', NULL, 'RAS', NULL, 'QR-00029-4411', 'SCHEDULED');
INSERT INTO appointments (ml_collected, cancelled_at, center_id, checked_in_at, completed_at, completed_by_staff_id, created_at, donor_id, emergency_id, id, slot_id, started_at, updated_at, user_id, appointment_type, blood_type, cancellation_reason, notes, outcome, qr_code, status) VALUES (NULL, NULL, 11, '2026-05-07 23:07:18+01', NULL, NULL, '2026-04-28 03:31:54+01', 100, 19, 30, 25, NULL, '2026-05-17 03:51:03+01', 37, 'EMERGENCY', 'O_POSITIVE', NULL, NULL, NULL, 'QR-00030-6080', 'RESCHEDULED');
INSERT INTO appointments (ml_collected, cancelled_at, center_id, checked_in_at, completed_at, completed_by_staff_id, created_at, donor_id, emergency_id, id, slot_id, started_at, updated_at, user_id, appointment_type, blood_type, cancellation_reason, notes, outcome, qr_code, status) VALUES (400, NULL, 44, '2026-02-20 06:58:47+01', '2026-05-17 12:50:32+01', 35, '2026-01-18 16:21:18+01', 18, 43, 31, 39, '2026-04-19 10:33:35+01', '2026-02-02 09:38:01+01', 33, 'EMERGENCY', 'O_POSITIVE', NULL, NULL, 'COMPLETED', 'QR-00031-4053', 'COMPLETED');
INSERT INTO appointments (ml_collected, cancelled_at, center_id, checked_in_at, completed_at, completed_by_staff_id, created_at, donor_id, emergency_id, id, slot_id, started_at, updated_at, user_id, appointment_type, blood_type, cancellation_reason, notes, outcome, qr_code, status) VALUES (NULL, NULL, 28, '2026-03-29 21:58:05+01', NULL, NULL, '2026-01-08 15:10:40+01', 56, NULL, 32, 41, '2026-04-19 18:00:31+01', '2026-05-07 11:44:27+01', 41, 'REGULAR', 'B_POSITIVE', NULL, NULL, NULL, 'QR-00032-9638', 'IN_SCREENING');
INSERT INTO appointments (ml_collected, cancelled_at, center_id, checked_in_at, completed_at, completed_by_staff_id, created_at, donor_id, emergency_id, id, slot_id, started_at, updated_at, user_id, appointment_type, blood_type, cancellation_reason, notes, outcome, qr_code, status) VALUES (470, NULL, 41, '2026-06-18 22:52:46+01', '2026-06-25 13:11:25+01', 17, '2026-02-22 19:19:31+01', 68, NULL, 33, 42, '2026-06-24 15:03:22+01', '2026-06-10 13:05:51+01', 39, 'REGULAR', 'UNKNOWN', NULL, NULL, 'COMPLETED', 'QR-00033-1781', 'COMPLETED');
INSERT INTO appointments (ml_collected, cancelled_at, center_id, checked_in_at, completed_at, completed_by_staff_id, created_at, donor_id, emergency_id, id, slot_id, started_at, updated_at, user_id, appointment_type, blood_type, cancellation_reason, notes, outcome, qr_code, status) VALUES (470, NULL, 36, '2026-05-14 13:08:53+01', '2026-06-28 08:35:21+01', 45, '2026-04-03 12:08:33+01', 6, NULL, 34, 5, '2026-06-17 14:35:35+01', '2026-05-25 05:27:46+01', 7, 'REGULAR', 'UNKNOWN', NULL, 'RAS', 'COMPLETED', 'QR-00034-8583', 'COMPLETED');
INSERT INTO appointments (ml_collected, cancelled_at, center_id, checked_in_at, completed_at, completed_by_staff_id, created_at, donor_id, emergency_id, id, slot_id, started_at, updated_at, user_id, appointment_type, blood_type, cancellation_reason, notes, outcome, qr_code, status) VALUES (NULL, NULL, 12, '2026-03-06 14:49:41+01', NULL, NULL, '2026-01-16 08:48:53+01', 52, NULL, 35, 12, NULL, '2026-04-23 12:43:40+01', 35, 'REGULAR', 'O_NEGATIVE', NULL, NULL, NULL, 'QR-00035-8371', 'NO_SHOW');
INSERT INTO appointments (ml_collected, cancelled_at, center_id, checked_in_at, completed_at, completed_by_staff_id, created_at, donor_id, emergency_id, id, slot_id, started_at, updated_at, user_id, appointment_type, blood_type, cancellation_reason, notes, outcome, qr_code, status) VALUES (NULL, NULL, 40, NULL, NULL, NULL, '2026-02-08 10:20:53+01', 44, NULL, 36, 17, NULL, '2026-06-28 07:07:06+01', 25, 'REGULAR', 'AB_POSITIVE', NULL, NULL, NULL, 'QR-00036-2742', 'SCHEDULED');
INSERT INTO appointments (ml_collected, cancelled_at, center_id, checked_in_at, completed_at, completed_by_staff_id, created_at, donor_id, emergency_id, id, slot_id, started_at, updated_at, user_id, appointment_type, blood_type, cancellation_reason, notes, outcome, qr_code, status) VALUES (NULL, NULL, 28, NULL, NULL, NULL, '2026-03-13 14:51:12+01', 4, NULL, 37, 35, NULL, '2026-05-24 05:48:14+01', 47, 'REGULAR', 'O_NEGATIVE', NULL, NULL, NULL, 'QR-00037-8974', 'SCHEDULED');
INSERT INTO appointments (ml_collected, cancelled_at, center_id, checked_in_at, completed_at, completed_by_staff_id, created_at, donor_id, emergency_id, id, slot_id, started_at, updated_at, user_id, appointment_type, blood_type, cancellation_reason, notes, outcome, qr_code, status) VALUES (450, NULL, 20, '2026-05-26 05:04:47+01', '2026-06-09 02:24:07+01', 1, '2026-05-02 22:54:54+01', 80, 45, 38, 40, '2026-06-05 23:49:37+01', '2026-05-09 13:03:25+01', 75, 'EMERGENCY', 'A_POSITIVE', NULL, NULL, 'COMPLETED', 'QR-00038-4083', 'COMPLETED');
INSERT INTO appointments (ml_collected, cancelled_at, center_id, checked_in_at, completed_at, completed_by_staff_id, created_at, donor_id, emergency_id, id, slot_id, started_at, updated_at, user_id, appointment_type, blood_type, cancellation_reason, notes, outcome, qr_code, status) VALUES (400, NULL, 2, '2026-06-07 04:36:33+01', '2026-06-26 19:36:04+01', 39, '2026-04-28 14:40:22+01', 62, NULL, 39, 14, '2026-06-25 20:51:16+01', '2026-05-07 23:29:19+01', 85, 'REGULAR', 'O_POSITIVE', NULL, 'RAS', 'COMPLETED', 'QR-00039-3721', 'COMPLETED');
INSERT INTO appointments (ml_collected, cancelled_at, center_id, checked_in_at, completed_at, completed_by_staff_id, created_at, donor_id, emergency_id, id, slot_id, started_at, updated_at, user_id, appointment_type, blood_type, cancellation_reason, notes, outcome, qr_code, status) VALUES (NULL, NULL, 10, '2026-05-22 06:22:18+01', NULL, NULL, '2026-03-27 10:29:28+01', 90, 32, 40, 48, NULL, '2026-04-15 15:27:26+01', 55, 'EMERGENCY', 'O_POSITIVE', NULL, 'RAS', NULL, 'QR-00040-1129', 'NO_SHOW');
INSERT INTO appointments (ml_collected, cancelled_at, center_id, checked_in_at, completed_at, completed_by_staff_id, created_at, donor_id, emergency_id, id, slot_id, started_at, updated_at, user_id, appointment_type, blood_type, cancellation_reason, notes, outcome, qr_code, status) VALUES (400, NULL, 7, '2026-06-19 18:57:13+01', '2026-06-27 08:13:09+01', 63, '2026-06-03 12:12:20+01', 92, 27, 41, 41, '2026-06-25 21:52:12+01', '2026-06-16 18:59:16+01', 57, 'EMERGENCY', 'O_NEGATIVE', NULL, 'RAS', 'COMPLETED', 'QR-00041-1994', 'COMPLETED');
INSERT INTO appointments (ml_collected, cancelled_at, center_id, checked_in_at, completed_at, completed_by_staff_id, created_at, donor_id, emergency_id, id, slot_id, started_at, updated_at, user_id, appointment_type, blood_type, cancellation_reason, notes, outcome, qr_code, status) VALUES (NULL, NULL, 34, '2026-03-24 07:24:04+01', NULL, NULL, '2026-01-12 19:07:40+01', 56, 36, 42, 2, NULL, '2026-04-02 19:23:58+01', 41, 'EMERGENCY', 'O_NEGATIVE', NULL, NULL, NULL, 'QR-00042-6681', 'NO_SHOW');
INSERT INTO appointments (ml_collected, cancelled_at, center_id, checked_in_at, completed_at, completed_by_staff_id, created_at, donor_id, emergency_id, id, slot_id, started_at, updated_at, user_id, appointment_type, blood_type, cancellation_reason, notes, outcome, qr_code, status) VALUES (470, NULL, 29, '2026-04-11 11:41:43+01', '2026-06-08 14:31:36+01', 75, '2026-01-30 10:53:47+01', 56, NULL, 43, 45, '2026-05-16 16:30:22+01', '2026-06-18 23:39:26+01', 41, 'REGULAR', 'O_NEGATIVE', NULL, 'RAS', 'COMPLETED', 'QR-00043-5806', 'COMPLETED');
INSERT INTO appointments (ml_collected, cancelled_at, center_id, checked_in_at, completed_at, completed_by_staff_id, created_at, donor_id, emergency_id, id, slot_id, started_at, updated_at, user_id, appointment_type, blood_type, cancellation_reason, notes, outcome, qr_code, status) VALUES (470, NULL, 47, '2026-05-28 17:39:14+01', '2026-06-30 00:39:27+01', 27, '2026-04-29 02:37:50+01', 50, 44, 44, 46, '2026-06-29 20:55:03+01', '2026-06-11 10:23:08+01', 3, 'EMERGENCY', 'A_NEGATIVE', NULL, NULL, 'COMPLETED', 'QR-00044-3115', 'COMPLETED');
INSERT INTO appointments (ml_collected, cancelled_at, center_id, checked_in_at, completed_at, completed_by_staff_id, created_at, donor_id, emergency_id, id, slot_id, started_at, updated_at, user_id, appointment_type, blood_type, cancellation_reason, notes, outcome, qr_code, status) VALUES (NULL, NULL, 12, '2026-06-11 23:04:09+01', NULL, NULL, '2026-05-24 13:21:57+01', 22, 7, 45, 13, NULL, '2026-06-02 07:21:12+01', 91, 'EMERGENCY', 'UNKNOWN', NULL, 'RAS', NULL, 'QR-00045-1297', 'NO_SHOW');
INSERT INTO appointments (ml_collected, cancelled_at, center_id, checked_in_at, completed_at, completed_by_staff_id, created_at, donor_id, emergency_id, id, slot_id, started_at, updated_at, user_id, appointment_type, blood_type, cancellation_reason, notes, outcome, qr_code, status) VALUES (NULL, NULL, 23, '2026-04-17 20:52:11+01', NULL, NULL, '2026-02-01 20:51:52+01', 46, NULL, 46, 17, NULL, '2026-06-02 01:20:21+01', 9, 'REGULAR', 'AB_NEGATIVE', NULL, NULL, NULL, 'QR-00046-4714', 'NO_SHOW');
INSERT INTO appointments (ml_collected, cancelled_at, center_id, checked_in_at, completed_at, completed_by_staff_id, created_at, donor_id, emergency_id, id, slot_id, started_at, updated_at, user_id, appointment_type, blood_type, cancellation_reason, notes, outcome, qr_code, status) VALUES (NULL, '2026-06-30 13:41:18+01', 8, '2026-06-30 13:40:07+01', NULL, NULL, '2026-06-29 16:32:50+01', 30, 17, 47, 36, NULL, '2026-06-30 07:50:20+01', 1, 'EMERGENCY', 'B_POSITIVE', 'Empechement personnel', NULL, 'CANCELLED', 'QR-00047-9444', 'CANCELLED');
INSERT INTO appointments (ml_collected, cancelled_at, center_id, checked_in_at, completed_at, completed_by_staff_id, created_at, donor_id, emergency_id, id, slot_id, started_at, updated_at, user_id, appointment_type, blood_type, cancellation_reason, notes, outcome, qr_code, status) VALUES (NULL, NULL, 39, '2026-06-23 15:27:41+01', '2026-06-29 19:42:04+01', 13, '2026-06-17 14:10:12+01', 14, NULL, 48, 43, '2026-06-29 16:40:09+01', '2026-06-28 11:56:17+01', 97, 'REGULAR', 'A_POSITIVE', NULL, NULL, 'COMPLETED', 'QR-00048-3736', 'COMPLETED');
INSERT INTO appointments (ml_collected, cancelled_at, center_id, checked_in_at, completed_at, completed_by_staff_id, created_at, donor_id, emergency_id, id, slot_id, started_at, updated_at, user_id, appointment_type, blood_type, cancellation_reason, notes, outcome, qr_code, status) VALUES (470, NULL, 41, '2026-06-19 03:52:55+01', '2026-06-30 01:48:10+01', 19, '2026-05-12 19:12:32+01', 28, 11, 49, 8, '2026-06-24 23:29:25+01', '2026-05-29 04:58:19+01', 99, 'EMERGENCY', 'B_POSITIVE', NULL, 'RAS', 'COMPLETED', 'QR-00049-4307', 'COMPLETED');
INSERT INTO appointments (ml_collected, cancelled_at, center_id, checked_in_at, completed_at, completed_by_staff_id, created_at, donor_id, emergency_id, id, slot_id, started_at, updated_at, user_id, appointment_type, blood_type, cancellation_reason, notes, outcome, qr_code, status) VALUES (NULL, '2026-04-24 09:46:31+01', 29, '2026-04-02 02:35:01+01', NULL, NULL, '2026-02-14 14:42:33+01', 100, NULL, 50, 27, NULL, '2026-02-26 05:21:48+01', 37, 'REGULAR', 'AB_NEGATIVE', 'Empechement personnel', NULL, 'CANCELLED', 'QR-00050-7799', 'CANCELLED');

-- =========================================================
-- DONOR_RESPONSES
-- =========================================================
INSERT INTO donor_responses (created_at, donor_id, emergency_id, id, responded_at, slot_id, reason, status) VALUES ('2026-05-01 08:45:33+01', 48, 41, 1, '2026-06-15 21:50:34+01', 34, NULL, 'ACCEPTED');
INSERT INTO donor_responses (created_at, donor_id, emergency_id, id, responded_at, slot_id, reason, status) VALUES ('2026-01-26 05:47:29+01', 54, 15, 2, '2026-03-31 13:32:54+01', NULL, 'Voyage', 'DECLINED');
INSERT INTO donor_responses (created_at, donor_id, emergency_id, id, responded_at, slot_id, reason, status) VALUES ('2026-05-24 18:14:20+01', 60, 34, 3, '2026-06-28 17:56:32+01', NULL, 'Voyage', 'DECLINED');
INSERT INTO donor_responses (created_at, donor_id, emergency_id, id, responded_at, slot_id, reason, status) VALUES ('2026-05-10 20:45:16+01', 100, 1, 4, '2026-05-15 04:27:33+01', 21, NULL, 'ACCEPTED');
INSERT INTO donor_responses (created_at, donor_id, emergency_id, id, responded_at, slot_id, reason, status) VALUES ('2026-01-30 23:51:16+01', 52, 50, 5, '2026-03-31 07:32:08+01', 3, NULL, 'ACCEPTED');
INSERT INTO donor_responses (created_at, donor_id, emergency_id, id, responded_at, slot_id, reason, status) VALUES ('2026-01-28 13:55:28+01', 86, 42, 6, '2026-06-27 10:06:00+01', 46, NULL, 'ACCEPTED');
INSERT INTO donor_responses (created_at, donor_id, emergency_id, id, responded_at, slot_id, reason, status) VALUES ('2026-06-25 21:34:05+01', 86, 34, 7, '2026-06-27 21:10:40+01', NULL, 'Indisponible', 'DECLINED');
INSERT INTO donor_responses (created_at, donor_id, emergency_id, id, responded_at, slot_id, reason, status) VALUES ('2026-05-11 13:45:32+01', 72, 20, 8, '2026-06-26 06:30:37+01', NULL, 'Voyage', 'DECLINED');
INSERT INTO donor_responses (created_at, donor_id, emergency_id, id, responded_at, slot_id, reason, status) VALUES ('2026-04-21 12:15:26+01', 36, 34, 9, '2026-06-09 18:10:30+01', 29, NULL, 'ACCEPTED');
INSERT INTO donor_responses (created_at, donor_id, emergency_id, id, responded_at, slot_id, reason, status) VALUES ('2026-06-10 12:59:43+01', 84, 14, 10, '2026-06-24 16:40:01+01', NULL, 'Indisponible', 'DECLINED');
INSERT INTO donor_responses (created_at, donor_id, emergency_id, id, responded_at, slot_id, reason, status) VALUES ('2026-05-21 07:02:03+01', 84, 26, 11, '2026-05-24 17:02:12+01', NULL, 'Indisponible', 'DECLINED');
INSERT INTO donor_responses (created_at, donor_id, emergency_id, id, responded_at, slot_id, reason, status) VALUES ('2026-05-11 02:11:25+01', 50, 47, 12, '2026-06-06 12:01:24+01', 35, NULL, 'ACCEPTED');
INSERT INTO donor_responses (created_at, donor_id, emergency_id, id, responded_at, slot_id, reason, status) VALUES ('2026-01-18 02:05:39+01', 38, 14, 13, '2026-04-13 10:53:42+01', NULL, 'Indisponible', 'DECLINED');
INSERT INTO donor_responses (created_at, donor_id, emergency_id, id, responded_at, slot_id, reason, status) VALUES ('2026-01-06 08:49:29+01', 22, 2, 14, '2026-02-17 17:08:55+01', NULL, 'Indisponible', 'DECLINED');
INSERT INTO donor_responses (created_at, donor_id, emergency_id, id, responded_at, slot_id, reason, status) VALUES ('2026-06-28 11:29:15+01', 94, 28, 15, '2026-06-30 04:51:14+01', 24, NULL, 'ACCEPTED');
INSERT INTO donor_responses (created_at, donor_id, emergency_id, id, responded_at, slot_id, reason, status) VALUES ('2026-04-02 22:29:14+01', 34, 41, 16, '2026-04-07 04:19:33+01', 42, NULL, 'ACCEPTED');
INSERT INTO donor_responses (created_at, donor_id, emergency_id, id, responded_at, slot_id, reason, status) VALUES ('2026-02-24 02:46:03+01', 16, 29, 17, '2026-04-22 12:53:36+01', 16, NULL, 'ACCEPTED');
INSERT INTO donor_responses (created_at, donor_id, emergency_id, id, responded_at, slot_id, reason, status) VALUES ('2026-04-13 10:10:01+01', 96, 38, 18, '2026-05-10 21:26:35+01', 19, NULL, 'ACCEPTED');
INSERT INTO donor_responses (created_at, donor_id, emergency_id, id, responded_at, slot_id, reason, status) VALUES ('2026-04-14 17:13:16+01', 86, 46, 19, '2026-06-08 19:19:36+01', 34, NULL, 'ACCEPTED');
INSERT INTO donor_responses (created_at, donor_id, emergency_id, id, responded_at, slot_id, reason, status) VALUES ('2026-01-20 07:50:34+01', 96, 16, 20, '2026-06-02 05:18:38+01', 24, NULL, 'ACCEPTED');
INSERT INTO donor_responses (created_at, donor_id, emergency_id, id, responded_at, slot_id, reason, status) VALUES ('2026-01-27 18:52:07+01', 60, 7, 21, '2026-06-04 09:42:40+01', NULL, 'Voyage', 'DECLINED');
INSERT INTO donor_responses (created_at, donor_id, emergency_id, id, responded_at, slot_id, reason, status) VALUES ('2026-06-10 17:01:20+01', 8, 28, 22, '2026-06-15 00:45:30+01', NULL, 'Voyage', 'DECLINED');
INSERT INTO donor_responses (created_at, donor_id, emergency_id, id, responded_at, slot_id, reason, status) VALUES ('2026-03-15 00:43:44+01', 88, 34, 23, '2026-06-17 00:52:03+01', NULL, 'Indisponible', 'DECLINED');
INSERT INTO donor_responses (created_at, donor_id, emergency_id, id, responded_at, slot_id, reason, status) VALUES ('2026-06-30 04:53:20+01', 82, 28, 24, '2026-06-30 15:56:45+01', NULL, 'Voyage', 'DECLINED');
INSERT INTO donor_responses (created_at, donor_id, emergency_id, id, responded_at, slot_id, reason, status) VALUES ('2026-04-02 15:03:52+01', 22, 10, 25, '2026-06-05 01:35:31+01', NULL, 'Voyage', 'DECLINED');
INSERT INTO donor_responses (created_at, donor_id, emergency_id, id, responded_at, slot_id, reason, status) VALUES ('2026-06-06 03:41:34+01', 92, 33, 26, '2026-06-23 07:01:58+01', 30, NULL, 'ACCEPTED');
INSERT INTO donor_responses (created_at, donor_id, emergency_id, id, responded_at, slot_id, reason, status) VALUES ('2026-05-16 01:49:19+01', 62, 3, 27, '2026-06-27 06:00:35+01', NULL, 'Voyage', 'DECLINED');
INSERT INTO donor_responses (created_at, donor_id, emergency_id, id, responded_at, slot_id, reason, status) VALUES ('2026-01-23 03:35:36+01', 54, 8, 28, '2026-01-29 13:00:14+01', NULL, 'Voyage', 'DECLINED');
INSERT INTO donor_responses (created_at, donor_id, emergency_id, id, responded_at, slot_id, reason, status) VALUES ('2026-06-29 05:05:56+01', 48, 20, 29, '2026-06-29 16:32:06+01', NULL, 'Voyage', 'DECLINED');
INSERT INTO donor_responses (created_at, donor_id, emergency_id, id, responded_at, slot_id, reason, status) VALUES ('2026-05-22 19:23:20+01', 20, 10, 30, '2026-05-24 16:57:22+01', NULL, 'Indisponible', 'DECLINED');
INSERT INTO donor_responses (created_at, donor_id, emergency_id, id, responded_at, slot_id, reason, status) VALUES ('2026-02-03 09:05:24+01', 38, 14, 31, '2026-02-03 16:28:17+01', NULL, 'Indisponible', 'DECLINED');
INSERT INTO donor_responses (created_at, donor_id, emergency_id, id, responded_at, slot_id, reason, status) VALUES ('2026-03-17 16:56:08+01', 10, 3, 32, '2026-05-16 04:23:40+01', NULL, 'Indisponible', 'DECLINED');
INSERT INTO donor_responses (created_at, donor_id, emergency_id, id, responded_at, slot_id, reason, status) VALUES ('2026-05-31 22:52:50+01', 50, 31, 33, '2026-06-23 17:17:26+01', 33, NULL, 'ACCEPTED');
INSERT INTO donor_responses (created_at, donor_id, emergency_id, id, responded_at, slot_id, reason, status) VALUES ('2026-05-18 19:35:32+01', 82, 30, 34, '2026-05-25 05:24:11+01', NULL, 'Indisponible', 'DECLINED');
INSERT INTO donor_responses (created_at, donor_id, emergency_id, id, responded_at, slot_id, reason, status) VALUES ('2026-05-01 06:37:26+01', 12, 40, 35, '2026-05-24 17:25:20+01', NULL, 'Indisponible', 'DECLINED');
INSERT INTO donor_responses (created_at, donor_id, emergency_id, id, responded_at, slot_id, reason, status) VALUES ('2026-01-09 14:29:27+01', 44, 35, 36, '2026-05-16 08:23:35+01', NULL, 'Indisponible', 'DECLINED');
INSERT INTO donor_responses (created_at, donor_id, emergency_id, id, responded_at, slot_id, reason, status) VALUES ('2026-01-05 19:27:04+01', 22, 46, 37, '2026-04-14 13:36:37+01', NULL, 'Voyage', 'DECLINED');
INSERT INTO donor_responses (created_at, donor_id, emergency_id, id, responded_at, slot_id, reason, status) VALUES ('2026-02-05 01:35:33+01', 72, 6, 38, '2026-06-24 14:35:34+01', 34, NULL, 'ACCEPTED');
INSERT INTO donor_responses (created_at, donor_id, emergency_id, id, responded_at, slot_id, reason, status) VALUES ('2026-03-28 05:19:12+01', 26, 49, 39, '2026-04-08 14:26:41+01', 35, NULL, 'ACCEPTED');
INSERT INTO donor_responses (created_at, donor_id, emergency_id, id, responded_at, slot_id, reason, status) VALUES ('2026-02-19 23:08:15+01', 24, 2, 40, '2026-03-24 01:32:57+01', 46, NULL, 'ACCEPTED');
INSERT INTO donor_responses (created_at, donor_id, emergency_id, id, responded_at, slot_id, reason, status) VALUES ('2026-01-16 14:41:41+01', 76, 29, 41, '2026-03-23 23:56:45+01', NULL, 'Voyage', 'DECLINED');
INSERT INTO donor_responses (created_at, donor_id, emergency_id, id, responded_at, slot_id, reason, status) VALUES ('2026-03-21 05:09:34+01', 4, 22, 42, '2026-03-23 15:49:49+01', NULL, 'Indisponible', 'DECLINED');
INSERT INTO donor_responses (created_at, donor_id, emergency_id, id, responded_at, slot_id, reason, status) VALUES ('2026-01-17 18:19:14+01', 50, 17, 43, '2026-04-16 15:40:25+01', 19, NULL, 'ACCEPTED');
INSERT INTO donor_responses (created_at, donor_id, emergency_id, id, responded_at, slot_id, reason, status) VALUES ('2026-02-16 11:03:43+01', 20, 12, 44, '2026-03-09 04:26:09+01', 27, NULL, 'ACCEPTED');
INSERT INTO donor_responses (created_at, donor_id, emergency_id, id, responded_at, slot_id, reason, status) VALUES ('2026-01-11 23:12:51+01', 88, 11, 45, '2026-02-11 18:58:44+01', NULL, 'Indisponible', 'DECLINED');
INSERT INTO donor_responses (created_at, donor_id, emergency_id, id, responded_at, slot_id, reason, status) VALUES ('2026-01-19 03:45:35+01', 40, 25, 46, '2026-03-27 07:31:09+01', 21, NULL, 'ACCEPTED');
INSERT INTO donor_responses (created_at, donor_id, emergency_id, id, responded_at, slot_id, reason, status) VALUES ('2026-06-20 06:54:49+01', 34, 25, 47, '2026-06-20 20:02:36+01', 16, NULL, 'ACCEPTED');
INSERT INTO donor_responses (created_at, donor_id, emergency_id, id, responded_at, slot_id, reason, status) VALUES ('2026-04-17 02:40:40+01', 98, 39, 48, '2026-05-25 02:47:58+01', NULL, 'Indisponible', 'DECLINED');
INSERT INTO donor_responses (created_at, donor_id, emergency_id, id, responded_at, slot_id, reason, status) VALUES ('2026-01-12 06:39:27+01', 16, 18, 49, '2026-04-16 01:29:48+01', NULL, 'Voyage', 'DECLINED');
INSERT INTO donor_responses (created_at, donor_id, emergency_id, id, responded_at, slot_id, reason, status) VALUES ('2026-04-25 16:30:03+01', 4, 27, 50, '2026-05-13 11:47:30+01', 38, NULL, 'ACCEPTED');

-- =========================================================
-- HEALTH_QUESTIONNAIRES
-- =========================================================
INSERT INTO health_questionnaires (has_chronic_illness, on_medication, created_at, donor_id, id, last_surgery_at, last_tattoo_or_piercing_at, last_travel_at, updated_at, medical_conditions_details, medication_details) VALUES (FALSE, FALSE, '2026-05-07 09:35:44+01', 88, 1, NULL, NULL, '2026-06-03 21:05:42+01', '2026-06-20 01:24:21+01', NULL, NULL);
INSERT INTO health_questionnaires (has_chronic_illness, on_medication, created_at, donor_id, id, last_surgery_at, last_tattoo_or_piercing_at, last_travel_at, updated_at, medical_conditions_details, medication_details) VALUES (FALSE, FALSE, '2026-04-25 23:33:21+01', 14, 2, NULL, NULL, NULL, '2026-05-09 20:26:06+01', NULL, NULL);
INSERT INTO health_questionnaires (has_chronic_illness, on_medication, created_at, donor_id, id, last_surgery_at, last_tattoo_or_piercing_at, last_travel_at, updated_at, medical_conditions_details, medication_details) VALUES (FALSE, FALSE, '2026-06-15 07:31:37+01', 32, 3, NULL, '2026-06-15 11:05:41+01', '2026-06-23 22:32:38+01', '2026-06-26 02:57:02+01', NULL, NULL);
INSERT INTO health_questionnaires (has_chronic_illness, on_medication, created_at, donor_id, id, last_surgery_at, last_tattoo_or_piercing_at, last_travel_at, updated_at, medical_conditions_details, medication_details) VALUES (FALSE, FALSE, '2026-01-15 23:32:11+01', 72, 4, NULL, NULL, NULL, '2026-03-30 19:32:47+01', NULL, NULL);
INSERT INTO health_questionnaires (has_chronic_illness, on_medication, created_at, donor_id, id, last_surgery_at, last_tattoo_or_piercing_at, last_travel_at, updated_at, medical_conditions_details, medication_details) VALUES (FALSE, FALSE, '2026-03-10 06:27:45+01', 84, 5, NULL, NULL, NULL, '2026-03-24 07:31:01+01', NULL, NULL);
INSERT INTO health_questionnaires (has_chronic_illness, on_medication, created_at, donor_id, id, last_surgery_at, last_tattoo_or_piercing_at, last_travel_at, updated_at, medical_conditions_details, medication_details) VALUES (FALSE, FALSE, '2026-01-03 00:33:42+01', 18, 6, NULL, NULL, '2026-05-28 23:34:49+01', '2026-04-24 19:43:33+01', NULL, NULL);
INSERT INTO health_questionnaires (has_chronic_illness, on_medication, created_at, donor_id, id, last_surgery_at, last_tattoo_or_piercing_at, last_travel_at, updated_at, medical_conditions_details, medication_details) VALUES (FALSE, TRUE, '2026-06-27 05:52:33+01', 40, 7, NULL, NULL, NULL, '2026-06-27 06:29:26+01', NULL, NULL);
INSERT INTO health_questionnaires (has_chronic_illness, on_medication, created_at, donor_id, id, last_surgery_at, last_tattoo_or_piercing_at, last_travel_at, updated_at, medical_conditions_details, medication_details) VALUES (FALSE, FALSE, '2026-01-21 08:37:13+01', 74, 8, '2026-02-21 10:54:11+01', NULL, NULL, '2026-04-28 02:53:47+01', NULL, NULL);
INSERT INTO health_questionnaires (has_chronic_illness, on_medication, created_at, donor_id, id, last_surgery_at, last_tattoo_or_piercing_at, last_travel_at, updated_at, medical_conditions_details, medication_details) VALUES (FALSE, FALSE, '2026-05-15 23:33:24+01', 54, 9, NULL, NULL, NULL, '2026-05-28 13:26:21+01', NULL, 'Traitement pour hypertension');
INSERT INTO health_questionnaires (has_chronic_illness, on_medication, created_at, donor_id, id, last_surgery_at, last_tattoo_or_piercing_at, last_travel_at, updated_at, medical_conditions_details, medication_details) VALUES (FALSE, FALSE, '2026-06-25 09:13:12+01', 58, 10, NULL, NULL, '2026-06-27 17:04:41+01', '2026-06-29 01:14:52+01', NULL, NULL);
INSERT INTO health_questionnaires (has_chronic_illness, on_medication, created_at, donor_id, id, last_surgery_at, last_tattoo_or_piercing_at, last_travel_at, updated_at, medical_conditions_details, medication_details) VALUES (FALSE, FALSE, '2026-02-28 15:13:58+01', 12, 11, '2026-05-02 23:16:19+01', NULL, NULL, '2026-03-05 22:42:16+01', NULL, 'Traitement pour hypertension');
INSERT INTO health_questionnaires (has_chronic_illness, on_medication, created_at, donor_id, id, last_surgery_at, last_tattoo_or_piercing_at, last_travel_at, updated_at, medical_conditions_details, medication_details) VALUES (FALSE, FALSE, '2026-06-16 02:28:18+01', 66, 12, NULL, NULL, NULL, '2026-06-28 00:00:25+01', NULL, NULL);
INSERT INTO health_questionnaires (has_chronic_illness, on_medication, created_at, donor_id, id, last_surgery_at, last_tattoo_or_piercing_at, last_travel_at, updated_at, medical_conditions_details, medication_details) VALUES (FALSE, FALSE, '2026-05-05 19:07:34+01', 28, 13, '2026-05-24 05:53:30+01', '2026-06-09 20:04:07+01', '2026-05-30 00:02:34+01', '2026-05-07 03:26:05+01', NULL, NULL);
INSERT INTO health_questionnaires (has_chronic_illness, on_medication, created_at, donor_id, id, last_surgery_at, last_tattoo_or_piercing_at, last_travel_at, updated_at, medical_conditions_details, medication_details) VALUES (FALSE, FALSE, '2026-06-02 01:04:43+01', 20, 14, NULL, NULL, NULL, '2026-06-17 00:07:59+01', NULL, 'Traitement pour hypertension');
INSERT INTO health_questionnaires (has_chronic_illness, on_medication, created_at, donor_id, id, last_surgery_at, last_tattoo_or_piercing_at, last_travel_at, updated_at, medical_conditions_details, medication_details) VALUES (FALSE, TRUE, '2026-04-19 15:02:49+01', 48, 15, NULL, '2026-06-28 23:51:14+01', NULL, '2026-05-16 21:03:18+01', NULL, NULL);
INSERT INTO health_questionnaires (has_chronic_illness, on_medication, created_at, donor_id, id, last_surgery_at, last_tattoo_or_piercing_at, last_travel_at, updated_at, medical_conditions_details, medication_details) VALUES (TRUE, FALSE, '2026-05-22 14:25:24+01', 70, 16, '2026-06-15 13:28:50+01', NULL, '2026-05-24 18:57:14+01', '2026-05-24 15:34:36+01', NULL, NULL);
INSERT INTO health_questionnaires (has_chronic_illness, on_medication, created_at, donor_id, id, last_surgery_at, last_tattoo_or_piercing_at, last_travel_at, updated_at, medical_conditions_details, medication_details) VALUES (FALSE, FALSE, '2026-04-22 18:09:07+01', 22, 17, NULL, NULL, NULL, '2026-05-24 19:44:24+01', NULL, NULL);
INSERT INTO health_questionnaires (has_chronic_illness, on_medication, created_at, donor_id, id, last_surgery_at, last_tattoo_or_piercing_at, last_travel_at, updated_at, medical_conditions_details, medication_details) VALUES (FALSE, FALSE, '2026-01-19 14:44:09+01', 96, 18, '2026-04-13 12:22:56+01', NULL, '2026-01-21 14:34:43+01', '2026-05-15 07:47:55+01', NULL, NULL);
INSERT INTO health_questionnaires (has_chronic_illness, on_medication, created_at, donor_id, id, last_surgery_at, last_tattoo_or_piercing_at, last_travel_at, updated_at, medical_conditions_details, medication_details) VALUES (FALSE, FALSE, '2026-06-13 13:43:50+01', 56, 19, NULL, NULL, NULL, '2026-06-16 18:45:11+01', NULL, 'Traitement pour hypertension');
INSERT INTO health_questionnaires (has_chronic_illness, on_medication, created_at, donor_id, id, last_surgery_at, last_tattoo_or_piercing_at, last_travel_at, updated_at, medical_conditions_details, medication_details) VALUES (FALSE, FALSE, '2026-01-24 09:06:46+01', 62, 20, NULL, NULL, NULL, '2026-04-19 14:02:02+01', NULL, NULL);
INSERT INTO health_questionnaires (has_chronic_illness, on_medication, created_at, donor_id, id, last_surgery_at, last_tattoo_or_piercing_at, last_travel_at, updated_at, medical_conditions_details, medication_details) VALUES (FALSE, FALSE, '2026-04-20 05:37:24+01', 60, 21, NULL, NULL, '2026-05-07 05:32:39+01', '2026-06-17 21:17:22+01', NULL, 'Traitement pour hypertension');
INSERT INTO health_questionnaires (has_chronic_illness, on_medication, created_at, donor_id, id, last_surgery_at, last_tattoo_or_piercing_at, last_travel_at, updated_at, medical_conditions_details, medication_details) VALUES (FALSE, FALSE, '2026-03-04 09:24:40+01', 36, 22, NULL, '2026-03-26 19:40:16+01', NULL, '2026-05-25 08:01:50+01', NULL, NULL);
INSERT INTO health_questionnaires (has_chronic_illness, on_medication, created_at, donor_id, id, last_surgery_at, last_tattoo_or_piercing_at, last_travel_at, updated_at, medical_conditions_details, medication_details) VALUES (FALSE, FALSE, '2026-06-04 02:54:05+01', 30, 23, NULL, NULL, '2026-06-27 12:34:17+01', '2026-06-28 10:38:57+01', NULL, NULL);
INSERT INTO health_questionnaires (has_chronic_illness, on_medication, created_at, donor_id, id, last_surgery_at, last_tattoo_or_piercing_at, last_travel_at, updated_at, medical_conditions_details, medication_details) VALUES (FALSE, FALSE, '2026-04-26 15:08:19+01', 4, 24, NULL, NULL, NULL, '2026-06-18 17:57:25+01', NULL, NULL);
INSERT INTO health_questionnaires (has_chronic_illness, on_medication, created_at, donor_id, id, last_surgery_at, last_tattoo_or_piercing_at, last_travel_at, updated_at, medical_conditions_details, medication_details) VALUES (FALSE, TRUE, '2026-03-14 14:09:14+01', 2, 25, '2026-04-22 07:53:18+01', NULL, '2026-05-01 06:15:59+01', '2026-05-21 22:15:50+01', NULL, NULL);
INSERT INTO health_questionnaires (has_chronic_illness, on_medication, created_at, donor_id, id, last_surgery_at, last_tattoo_or_piercing_at, last_travel_at, updated_at, medical_conditions_details, medication_details) VALUES (FALSE, FALSE, '2026-06-26 09:02:23+01', 64, 26, NULL, NULL, '2026-06-30 03:41:32+01', '2026-06-27 11:20:53+01', NULL, NULL);
INSERT INTO health_questionnaires (has_chronic_illness, on_medication, created_at, donor_id, id, last_surgery_at, last_tattoo_or_piercing_at, last_travel_at, updated_at, medical_conditions_details, medication_details) VALUES (FALSE, FALSE, '2026-02-17 14:04:05+01', 100, 27, '2026-05-15 20:17:42+01', NULL, NULL, '2026-03-17 14:23:34+01', NULL, NULL);
INSERT INTO health_questionnaires (has_chronic_illness, on_medication, created_at, donor_id, id, last_surgery_at, last_tattoo_or_piercing_at, last_travel_at, updated_at, medical_conditions_details, medication_details) VALUES (FALSE, FALSE, '2026-03-09 13:01:16+01', 86, 28, NULL, NULL, NULL, '2026-05-29 02:03:28+01', NULL, NULL);
INSERT INTO health_questionnaires (has_chronic_illness, on_medication, created_at, donor_id, id, last_surgery_at, last_tattoo_or_piercing_at, last_travel_at, updated_at, medical_conditions_details, medication_details) VALUES (FALSE, FALSE, '2026-01-24 22:36:09+01', 42, 29, NULL, NULL, NULL, '2026-05-04 17:56:00+01', NULL, NULL);
INSERT INTO health_questionnaires (has_chronic_illness, on_medication, created_at, donor_id, id, last_surgery_at, last_tattoo_or_piercing_at, last_travel_at, updated_at, medical_conditions_details, medication_details) VALUES (FALSE, FALSE, '2026-04-17 08:17:44+01', 80, 30, '2026-05-05 18:09:55+01', NULL, '2026-04-26 18:21:58+01', '2026-05-25 04:55:52+01', NULL, NULL);
INSERT INTO health_questionnaires (has_chronic_illness, on_medication, created_at, donor_id, id, last_surgery_at, last_tattoo_or_piercing_at, last_travel_at, updated_at, medical_conditions_details, medication_details) VALUES (FALSE, FALSE, '2026-05-12 14:39:26+01', 52, 31, NULL, '2026-05-31 17:09:18+01', NULL, '2026-06-18 14:00:23+01', NULL, NULL);
INSERT INTO health_questionnaires (has_chronic_illness, on_medication, created_at, donor_id, id, last_surgery_at, last_tattoo_or_piercing_at, last_travel_at, updated_at, medical_conditions_details, medication_details) VALUES (FALSE, FALSE, '2026-02-02 15:25:17+01', 92, 32, NULL, NULL, NULL, '2026-04-29 18:27:27+01', NULL, NULL);
INSERT INTO health_questionnaires (has_chronic_illness, on_medication, created_at, donor_id, id, last_surgery_at, last_tattoo_or_piercing_at, last_travel_at, updated_at, medical_conditions_details, medication_details) VALUES (FALSE, FALSE, '2026-04-28 14:39:42+01', 78, 33, NULL, NULL, '2026-05-25 11:33:54+01', '2026-05-22 10:49:27+01', NULL, NULL);
INSERT INTO health_questionnaires (has_chronic_illness, on_medication, created_at, donor_id, id, last_surgery_at, last_tattoo_or_piercing_at, last_travel_at, updated_at, medical_conditions_details, medication_details) VALUES (TRUE, FALSE, '2026-02-16 06:37:14+01', 90, 34, NULL, NULL, '2026-02-21 19:29:12+01', '2026-04-26 04:54:33+01', NULL, NULL);
INSERT INTO health_questionnaires (has_chronic_illness, on_medication, created_at, donor_id, id, last_surgery_at, last_tattoo_or_piercing_at, last_travel_at, updated_at, medical_conditions_details, medication_details) VALUES (FALSE, FALSE, '2026-03-20 09:36:52+01', 34, 35, NULL, '2026-05-04 15:27:18+01', '2026-03-28 04:10:39+01', '2026-06-20 17:47:22+01', NULL, NULL);
INSERT INTO health_questionnaires (has_chronic_illness, on_medication, created_at, donor_id, id, last_surgery_at, last_tattoo_or_piercing_at, last_travel_at, updated_at, medical_conditions_details, medication_details) VALUES (TRUE, FALSE, '2026-04-10 00:05:45+01', 76, 36, NULL, '2026-05-09 11:33:59+01', NULL, '2026-05-07 07:33:51+01', NULL, NULL);
INSERT INTO health_questionnaires (has_chronic_illness, on_medication, created_at, donor_id, id, last_surgery_at, last_tattoo_or_piercing_at, last_travel_at, updated_at, medical_conditions_details, medication_details) VALUES (FALSE, FALSE, '2026-05-15 20:15:19+01', 68, 37, '2026-06-12 14:57:17+01', '2026-06-24 03:57:22+01', NULL, '2026-06-09 19:43:38+01', NULL, NULL);
INSERT INTO health_questionnaires (has_chronic_illness, on_medication, created_at, donor_id, id, last_surgery_at, last_tattoo_or_piercing_at, last_travel_at, updated_at, medical_conditions_details, medication_details) VALUES (FALSE, FALSE, '2026-02-21 04:57:13+01', 98, 38, NULL, NULL, NULL, '2026-02-22 17:56:46+01', NULL, NULL);
INSERT INTO health_questionnaires (has_chronic_illness, on_medication, created_at, donor_id, id, last_surgery_at, last_tattoo_or_piercing_at, last_travel_at, updated_at, medical_conditions_details, medication_details) VALUES (FALSE, FALSE, '2026-06-22 01:50:58+01', 44, 39, NULL, NULL, '2026-06-27 05:12:31+01', '2026-06-26 21:58:55+01', NULL, NULL);
INSERT INTO health_questionnaires (has_chronic_illness, on_medication, created_at, donor_id, id, last_surgery_at, last_tattoo_or_piercing_at, last_travel_at, updated_at, medical_conditions_details, medication_details) VALUES (TRUE, FALSE, '2026-03-03 19:44:14+01', 50, 40, NULL, NULL, NULL, '2026-04-25 00:43:29+01', NULL, 'Traitement pour hypertension');
INSERT INTO health_questionnaires (has_chronic_illness, on_medication, created_at, donor_id, id, last_surgery_at, last_tattoo_or_piercing_at, last_travel_at, updated_at, medical_conditions_details, medication_details) VALUES (FALSE, FALSE, '2026-01-26 09:55:56+01', 8, 41, NULL, NULL, NULL, '2026-03-22 12:50:50+01', NULL, NULL);
INSERT INTO health_questionnaires (has_chronic_illness, on_medication, created_at, donor_id, id, last_surgery_at, last_tattoo_or_piercing_at, last_travel_at, updated_at, medical_conditions_details, medication_details) VALUES (FALSE, FALSE, '2026-05-17 04:22:35+01', 82, 42, NULL, NULL, NULL, '2026-05-18 14:53:33+01', NULL, NULL);
INSERT INTO health_questionnaires (has_chronic_illness, on_medication, created_at, donor_id, id, last_surgery_at, last_tattoo_or_piercing_at, last_travel_at, updated_at, medical_conditions_details, medication_details) VALUES (FALSE, FALSE, '2026-06-29 19:07:22+01', 10, 43, NULL, NULL, NULL, '2026-06-30 04:36:32+01', NULL, 'Traitement pour hypertension');
INSERT INTO health_questionnaires (has_chronic_illness, on_medication, created_at, donor_id, id, last_surgery_at, last_tattoo_or_piercing_at, last_travel_at, updated_at, medical_conditions_details, medication_details) VALUES (FALSE, FALSE, '2026-03-12 02:01:53+01', 94, 44, NULL, NULL, NULL, '2026-03-31 01:40:12+01', NULL, NULL);
INSERT INTO health_questionnaires (has_chronic_illness, on_medication, created_at, donor_id, id, last_surgery_at, last_tattoo_or_piercing_at, last_travel_at, updated_at, medical_conditions_details, medication_details) VALUES (FALSE, TRUE, '2026-05-30 12:17:20+01', 38, 45, '2026-06-28 01:21:26+01', NULL, '2026-06-08 15:06:58+01', '2026-06-15 22:28:58+01', NULL, NULL);
INSERT INTO health_questionnaires (has_chronic_illness, on_medication, created_at, donor_id, id, last_surgery_at, last_tattoo_or_piercing_at, last_travel_at, updated_at, medical_conditions_details, medication_details) VALUES (FALSE, FALSE, '2026-01-03 07:51:21+01', 16, 46, NULL, NULL, '2026-03-19 00:23:54+01', '2026-05-15 23:35:11+01', NULL, NULL);
INSERT INTO health_questionnaires (has_chronic_illness, on_medication, created_at, donor_id, id, last_surgery_at, last_tattoo_or_piercing_at, last_travel_at, updated_at, medical_conditions_details, medication_details) VALUES (FALSE, FALSE, '2026-02-07 14:28:12+01', 26, 47, NULL, NULL, '2026-04-30 23:21:50+01', '2026-03-24 01:10:58+01', NULL, NULL);
INSERT INTO health_questionnaires (has_chronic_illness, on_medication, created_at, donor_id, id, last_surgery_at, last_tattoo_or_piercing_at, last_travel_at, updated_at, medical_conditions_details, medication_details) VALUES (FALSE, FALSE, '2026-03-25 04:11:57+01', 24, 48, NULL, NULL, NULL, '2026-04-18 06:44:36+01', NULL, NULL);
INSERT INTO health_questionnaires (has_chronic_illness, on_medication, created_at, donor_id, id, last_surgery_at, last_tattoo_or_piercing_at, last_travel_at, updated_at, medical_conditions_details, medication_details) VALUES (FALSE, TRUE, '2026-03-30 22:49:57+01', 46, 49, '2026-05-29 08:01:49+01', NULL, NULL, '2026-06-16 08:59:37+01', NULL, NULL);
INSERT INTO health_questionnaires (has_chronic_illness, on_medication, created_at, donor_id, id, last_surgery_at, last_tattoo_or_piercing_at, last_travel_at, updated_at, medical_conditions_details, medication_details) VALUES (FALSE, FALSE, '2026-05-29 23:05:49+01', 6, 50, '2026-06-18 15:36:19+01', NULL, NULL, '2026-06-19 23:13:45+01', NULL, 'Traitement pour hypertension');

-- =========================================================
-- HEALTH_SCREENINGS
-- =========================================================
INSERT INTO health_screenings (eligible, hemoglobin, temperature, weight, appointment_id, donor_id, id, screened_at, screened_by_staff_id, blood_pressure, notes) VALUES (TRUE, 13.2, 36.4, 87.7, 45, 22, 1, '2026-06-11 23:04:09+01', 17, '124/68', 'Aucune anomalie detectee');
INSERT INTO health_screenings (eligible, hemoglobin, temperature, weight, appointment_id, donor_id, id, screened_at, screened_by_staff_id, blood_pressure, notes) VALUES (TRUE, 13.8, 36.3, 84.4, 3, 94, 2, '2026-03-05 20:16:38+01', 15, '126/73', 'Aucune anomalie detectee');
INSERT INTO health_screenings (eligible, hemoglobin, temperature, weight, appointment_id, donor_id, id, screened_at, screened_by_staff_id, blood_pressure, notes) VALUES (TRUE, 15.8, 37.3, 74.0, 16, 60, 3, '2026-06-23 06:45:39+01', 45, '119/87', 'Aucune anomalie detectee');
INSERT INTO health_screenings (eligible, hemoglobin, temperature, weight, appointment_id, donor_id, id, screened_at, screened_by_staff_id, blood_pressure, notes) VALUES (TRUE, 15.3, 37.1, 90.4, 11, 56, 4, '2026-06-15 04:28:15+01', 81, '117/87', NULL);
INSERT INTO health_screenings (eligible, hemoglobin, temperature, weight, appointment_id, donor_id, id, screened_at, screened_by_staff_id, blood_pressure, notes) VALUES (TRUE, 11.8, 36.7, 59.1, 18, 34, 5, '2026-05-18 07:59:17+01', 7, '112/76', NULL);
INSERT INTO health_screenings (eligible, hemoglobin, temperature, weight, appointment_id, donor_id, id, screened_at, screened_by_staff_id, blood_pressure, notes) VALUES (TRUE, 14.0, 37.4, 65.2, 41, 92, 6, '2026-06-19 18:57:13+01', 25, '111/86', NULL);
INSERT INTO health_screenings (eligible, hemoglobin, temperature, weight, appointment_id, donor_id, id, screened_at, screened_by_staff_id, blood_pressure, notes) VALUES (FALSE, 12.1, 37.2, 79.9, 35, 52, 7, '2026-03-06 14:49:41+01', 29, '128/70', 'Aucune anomalie detectee');
INSERT INTO health_screenings (eligible, hemoglobin, temperature, weight, appointment_id, donor_id, id, screened_at, screened_by_staff_id, blood_pressure, notes) VALUES (TRUE, 13.5, 36.9, 58.5, 19, 90, 8, '2026-04-09 19:52:49+01', 65, '111/82', NULL);
INSERT INTO health_screenings (eligible, hemoglobin, temperature, weight, appointment_id, donor_id, id, screened_at, screened_by_staff_id, blood_pressure, notes) VALUES (TRUE, 12.8, 36.6, 57.8, 5, 100, 9, '2026-06-12 13:04:52+01', 55, '117/85', NULL);
INSERT INTO health_screenings (eligible, hemoglobin, temperature, weight, appointment_id, donor_id, id, screened_at, screened_by_staff_id, blood_pressure, notes) VALUES (TRUE, 12.8, 37.0, 62.5, 14, 48, 10, '2026-06-12 17:38:18+01', 49, '124/76', 'Aucune anomalie detectee');
INSERT INTO health_screenings (eligible, hemoglobin, temperature, weight, appointment_id, donor_id, id, screened_at, screened_by_staff_id, blood_pressure, notes) VALUES (TRUE, 16.1, 36.8, 94.6, 32, 56, 11, '2026-03-29 21:58:05+01', 27, '127/82', NULL);
INSERT INTO health_screenings (eligible, hemoglobin, temperature, weight, appointment_id, donor_id, id, screened_at, screened_by_staff_id, blood_pressure, notes) VALUES (TRUE, 17.3, 36.9, 94.2, 27, 4, 12, '2026-05-11 03:45:39+01', 73, '127/77', NULL);
INSERT INTO health_screenings (eligible, hemoglobin, temperature, weight, appointment_id, donor_id, id, screened_at, screened_by_staff_id, blood_pressure, notes) VALUES (TRUE, 13.5, 37.0, 89.8, 36, 44, 13, '2026-02-08 10:20:53+01', 99, '115/86', NULL);
INSERT INTO health_screenings (eligible, hemoglobin, temperature, weight, appointment_id, donor_id, id, screened_at, screened_by_staff_id, blood_pressure, notes) VALUES (TRUE, 17.0, 36.7, 73.0, 8, 6, 14, '2026-05-19 09:11:35+01', 43, '128/72', NULL);
INSERT INTO health_screenings (eligible, hemoglobin, temperature, weight, appointment_id, donor_id, id, screened_at, screened_by_staff_id, blood_pressure, notes) VALUES (FALSE, 12.9, 36.9, 90.4, 24, 46, 15, '2026-06-18 15:37:01+01', 91, '114/72', NULL);
INSERT INTO health_screenings (eligible, hemoglobin, temperature, weight, appointment_id, donor_id, id, screened_at, screened_by_staff_id, blood_pressure, notes) VALUES (TRUE, 12.0, 36.4, 72.4, 42, 56, 16, '2026-03-24 07:24:04+01', 97, '111/69', NULL);
INSERT INTO health_screenings (eligible, hemoglobin, temperature, weight, appointment_id, donor_id, id, screened_at, screened_by_staff_id, blood_pressure, notes) VALUES (TRUE, 17.0, 36.9, 92.6, 7, 48, 17, '2026-05-22 16:35:58+01', 83, '128/75', 'Aucune anomalie detectee');
INSERT INTO health_screenings (eligible, hemoglobin, temperature, weight, appointment_id, donor_id, id, screened_at, screened_by_staff_id, blood_pressure, notes) VALUES (TRUE, 16.1, 36.8, 94.0, 33, 68, 18, '2026-06-18 22:52:46+01', 41, '125/74', NULL);
INSERT INTO health_screenings (eligible, hemoglobin, temperature, weight, appointment_id, donor_id, id, screened_at, screened_by_staff_id, blood_pressure, notes) VALUES (TRUE, 13.5, 36.5, 74.3, 21, 18, 19, '2026-03-17 01:57:46+01', 29, '134/86', NULL);
INSERT INTO health_screenings (eligible, hemoglobin, temperature, weight, appointment_id, donor_id, id, screened_at, screened_by_staff_id, blood_pressure, notes) VALUES (TRUE, 12.8, 37.2, 73.5, 50, 100, 20, '2026-04-02 02:35:01+01', 87, '110/79', NULL);
INSERT INTO health_screenings (eligible, hemoglobin, temperature, weight, appointment_id, donor_id, id, screened_at, screened_by_staff_id, blood_pressure, notes) VALUES (TRUE, 11.9, 36.4, 78.5, 15, 80, 21, '2026-02-17 07:00:12+01', 9, '109/71', 'Aucune anomalie detectee');
INSERT INTO health_screenings (eligible, hemoglobin, temperature, weight, appointment_id, donor_id, id, screened_at, screened_by_staff_id, blood_pressure, notes) VALUES (TRUE, 16.5, 37.3, 60.6, 6, 32, 22, '2026-01-27 09:00:42+01', 23, '107/78', NULL);
INSERT INTO health_screenings (eligible, hemoglobin, temperature, weight, appointment_id, donor_id, id, screened_at, screened_by_staff_id, blood_pressure, notes) VALUES (TRUE, 12.7, 36.7, 77.3, 9, 58, 23, '2026-06-30 11:23:59+01', 39, '114/74', NULL);
INSERT INTO health_screenings (eligible, hemoglobin, temperature, weight, appointment_id, donor_id, id, screened_at, screened_by_staff_id, blood_pressure, notes) VALUES (TRUE, 16.7, 36.8, 92.8, 34, 6, 24, '2026-05-14 13:08:53+01', 81, '116/77', NULL);
INSERT INTO health_screenings (eligible, hemoglobin, temperature, weight, appointment_id, donor_id, id, screened_at, screened_by_staff_id, blood_pressure, notes) VALUES (TRUE, 14.5, 37.1, 84.2, 17, 56, 25, '2026-05-10 01:46:58+01', 61, '131/90', NULL);
INSERT INTO health_screenings (eligible, hemoglobin, temperature, weight, appointment_id, donor_id, id, screened_at, screened_by_staff_id, blood_pressure, notes) VALUES (TRUE, 16.6, 37.1, 91.5, 2, 60, 26, '2026-06-30 16:26:29+01', 97, '124/82', 'Aucune anomalie detectee');
INSERT INTO health_screenings (eligible, hemoglobin, temperature, weight, appointment_id, donor_id, id, screened_at, screened_by_staff_id, blood_pressure, notes) VALUES (TRUE, 13.8, 36.6, 62.7, 30, 100, 27, '2026-05-07 23:07:18+01', 93, '122/84', NULL);
INSERT INTO health_screenings (eligible, hemoglobin, temperature, weight, appointment_id, donor_id, id, screened_at, screened_by_staff_id, blood_pressure, notes) VALUES (TRUE, 14.3, 36.4, 58.5, 1, 54, 28, '2026-06-05 08:33:07+01', 43, '105/81', NULL);
INSERT INTO health_screenings (eligible, hemoglobin, temperature, weight, appointment_id, donor_id, id, screened_at, screened_by_staff_id, blood_pressure, notes) VALUES (TRUE, 17.1, 37.3, 93.7, 49, 28, 29, '2026-06-19 03:52:55+01', 47, '116/77', NULL);
INSERT INTO health_screenings (eligible, hemoglobin, temperature, weight, appointment_id, donor_id, id, screened_at, screened_by_staff_id, blood_pressure, notes) VALUES (FALSE, 11.9, 37.3, 94.7, 40, 90, 30, '2026-05-22 06:22:18+01', 83, '108/77', NULL);
INSERT INTO health_screenings (eligible, hemoglobin, temperature, weight, appointment_id, donor_id, id, screened_at, screened_by_staff_id, blood_pressure, notes) VALUES (TRUE, 14.1, 36.5, 91.1, 38, 80, 31, '2026-05-26 05:04:47+01', 21, '128/76', NULL);
INSERT INTO health_screenings (eligible, hemoglobin, temperature, weight, appointment_id, donor_id, id, screened_at, screened_by_staff_id, blood_pressure, notes) VALUES (TRUE, 13.7, 36.3, 67.3, 13, 84, 32, '2026-06-25 02:31:42+01', 63, '118/88', 'Aucune anomalie detectee');
INSERT INTO health_screenings (eligible, hemoglobin, temperature, weight, appointment_id, donor_id, id, screened_at, screened_by_staff_id, blood_pressure, notes) VALUES (TRUE, 16.4, 37.0, 80.4, 47, 30, 33, '2026-06-30 13:40:07+01', 61, '127/86', NULL);
INSERT INTO health_screenings (eligible, hemoglobin, temperature, weight, appointment_id, donor_id, id, screened_at, screened_by_staff_id, blood_pressure, notes) VALUES (TRUE, 17.2, 36.4, 61.1, 43, 56, 34, '2026-04-11 11:41:43+01', 33, '123/86', NULL);
INSERT INTO health_screenings (eligible, hemoglobin, temperature, weight, appointment_id, donor_id, id, screened_at, screened_by_staff_id, blood_pressure, notes) VALUES (TRUE, 12.1, 37.1, 67.3, 39, 62, 35, '2026-06-07 04:36:33+01', 1, '127/83', NULL);
INSERT INTO health_screenings (eligible, hemoglobin, temperature, weight, appointment_id, donor_id, id, screened_at, screened_by_staff_id, blood_pressure, notes) VALUES (TRUE, 12.6, 36.7, 87.3, 48, 14, 36, '2026-06-23 15:27:41+01', 11, '113/87', NULL);
INSERT INTO health_screenings (eligible, hemoglobin, temperature, weight, appointment_id, donor_id, id, screened_at, screened_by_staff_id, blood_pressure, notes) VALUES (TRUE, 13.8, 36.6, 68.5, 23, 20, 37, '2026-02-11 19:45:21+01', 69, '133/88', NULL);
INSERT INTO health_screenings (eligible, hemoglobin, temperature, weight, appointment_id, donor_id, id, screened_at, screened_by_staff_id, blood_pressure, notes) VALUES (TRUE, 16.2, 36.6, 56.4, 31, 18, 38, '2026-02-20 06:58:47+01', 13, '128/71', NULL);
INSERT INTO health_screenings (eligible, hemoglobin, temperature, weight, appointment_id, donor_id, id, screened_at, screened_by_staff_id, blood_pressure, notes) VALUES (TRUE, 11.5, 36.4, 72.1, 44, 50, 39, '2026-05-28 17:39:14+01', 51, '108/67', NULL);
INSERT INTO health_screenings (eligible, hemoglobin, temperature, weight, appointment_id, donor_id, id, screened_at, screened_by_staff_id, blood_pressure, notes) VALUES (TRUE, 15.4, 37.1, 57.7, 25, 36, 40, '2026-05-26 04:53:50+01', 53, '116/70', NULL);
INSERT INTO health_screenings (eligible, hemoglobin, temperature, weight, appointment_id, donor_id, id, screened_at, screened_by_staff_id, blood_pressure, notes) VALUES (TRUE, 14.5, 36.3, 75.5, 22, 80, 41, '2026-04-06 23:01:43+01', 25, '111/70', 'Aucune anomalie detectee');
INSERT INTO health_screenings (eligible, hemoglobin, temperature, weight, appointment_id, donor_id, id, screened_at, screened_by_staff_id, blood_pressure, notes) VALUES (TRUE, 16.1, 36.5, 90.6, 29, 50, 42, '2026-03-14 07:51:18+01', 95, '118/79', NULL);
INSERT INTO health_screenings (eligible, hemoglobin, temperature, weight, appointment_id, donor_id, id, screened_at, screened_by_staff_id, blood_pressure, notes) VALUES (TRUE, 15.3, 36.3, 53.9, 37, 4, 43, '2026-03-13 14:51:12+01', 79, '108/73', 'Aucune anomalie detectee');
INSERT INTO health_screenings (eligible, hemoglobin, temperature, weight, appointment_id, donor_id, id, screened_at, screened_by_staff_id, blood_pressure, notes) VALUES (TRUE, 14.4, 37.0, 54.5, 4, 86, 44, '2026-06-13 17:09:40+01', 3, '106/73', NULL);
INSERT INTO health_screenings (eligible, hemoglobin, temperature, weight, appointment_id, donor_id, id, screened_at, screened_by_staff_id, blood_pressure, notes) VALUES (TRUE, 16.2, 36.3, 59.5, 20, 78, 45, '2026-03-11 16:35:56+01', 1, '130/65', NULL);
INSERT INTO health_screenings (eligible, hemoglobin, temperature, weight, appointment_id, donor_id, id, screened_at, screened_by_staff_id, blood_pressure, notes) VALUES (FALSE, 16.1, 37.3, 71.3, 26, 88, 46, '2026-06-10 12:04:36+01', 67, '115/84', NULL);
INSERT INTO health_screenings (eligible, hemoglobin, temperature, weight, appointment_id, donor_id, id, screened_at, screened_by_staff_id, blood_pressure, notes) VALUES (TRUE, 13.6, 36.6, 60.8, 12, 84, 47, '2026-02-25 20:53:06+01', 47, '116/86', NULL);
INSERT INTO health_screenings (eligible, hemoglobin, temperature, weight, appointment_id, donor_id, id, screened_at, screened_by_staff_id, blood_pressure, notes) VALUES (TRUE, 13.6, 36.6, 54.5, 10, 54, 48, '2026-02-19 19:07:34+01', 79, '119/87', NULL);
INSERT INTO health_screenings (eligible, hemoglobin, temperature, weight, appointment_id, donor_id, id, screened_at, screened_by_staff_id, blood_pressure, notes) VALUES (TRUE, 12.2, 36.8, 92.8, 28, 94, 49, '2026-02-08 11:38:28+01', 17, '129/72', NULL);
INSERT INTO health_screenings (eligible, hemoglobin, temperature, weight, appointment_id, donor_id, id, screened_at, screened_by_staff_id, blood_pressure, notes) VALUES (TRUE, 16.7, 36.8, 79.7, 46, 46, 50, '2026-04-17 20:52:11+01', 79, '105/85', NULL);

-- =========================================================
-- MATCH_RESULTS
-- =========================================================
INSERT INTO match_results (escalation_level, center_id, created_at, donor_id, emergency_id, id, radius, responded_at, blood_type, status) VALUES (2, 21, '2026-03-07 08:24:38+01', 4, 41, 1, 20, NULL, 'B_NEGATIVE', 'PENDING');
INSERT INTO match_results (escalation_level, center_id, created_at, donor_id, emergency_id, id, radius, responded_at, blood_type, status) VALUES (2, 39, '2026-05-14 18:14:04+01', 64, 26, 2, 20, NULL, 'O_NEGATIVE', 'PENDING');
INSERT INTO match_results (escalation_level, center_id, created_at, donor_id, emergency_id, id, radius, responded_at, blood_type, status) VALUES (1, 43, '2026-05-13 20:53:28+01', 90, 7, 3, 25, '2026-06-11 23:48:51+01', 'UNKNOWN', 'RESPONDED');
INSERT INTO match_results (escalation_level, center_id, created_at, donor_id, emergency_id, id, radius, responded_at, blood_type, status) VALUES (3, 3, '2026-05-25 03:49:39+01', 18, 32, 4, 10, '2026-06-24 16:26:33+01', 'O_NEGATIVE', 'RESPONDED');
INSERT INTO match_results (escalation_level, center_id, created_at, donor_id, emergency_id, id, radius, responded_at, blood_type, status) VALUES (1, 8, '2026-04-08 22:10:24+01', 62, 43, 5, 10, NULL, 'A_NEGATIVE', 'PENDING');
INSERT INTO match_results (escalation_level, center_id, created_at, donor_id, emergency_id, id, radius, responded_at, blood_type, status) VALUES (2, 7, '2026-01-06 14:35:19+01', 56, 46, 6, 10, '2026-06-13 18:35:49+01', 'AB_POSITIVE', 'RESPONDED');
INSERT INTO match_results (escalation_level, center_id, created_at, donor_id, emergency_id, id, radius, responded_at, blood_type, status) VALUES (3, 43, '2026-01-23 13:15:39+01', 62, 43, 7, 5, NULL, 'AB_NEGATIVE', 'PENDING');
INSERT INTO match_results (escalation_level, center_id, created_at, donor_id, emergency_id, id, radius, responded_at, blood_type, status) VALUES (2, 15, '2026-06-17 02:06:26+01', 74, 50, 8, 20, NULL, 'O_POSITIVE', 'PENDING');
INSERT INTO match_results (escalation_level, center_id, created_at, donor_id, emergency_id, id, radius, responded_at, blood_type, status) VALUES (1, 42, '2026-06-24 17:47:10+01', 84, 36, 9, 15, '2026-06-29 15:59:32+01', 'A_NEGATIVE', 'RESPONDED');
INSERT INTO match_results (escalation_level, center_id, created_at, donor_id, emergency_id, id, radius, responded_at, blood_type, status) VALUES (1, 19, '2026-01-17 10:09:07+01', 12, 8, 10, 5, '2026-04-24 18:53:06+01', 'AB_NEGATIVE', 'EXPIRED');
INSERT INTO match_results (escalation_level, center_id, created_at, donor_id, emergency_id, id, radius, responded_at, blood_type, status) VALUES (2, 9, '2026-04-15 11:12:13+01', 42, 25, 11, 5, NULL, 'UNKNOWN', 'PENDING');
INSERT INTO match_results (escalation_level, center_id, created_at, donor_id, emergency_id, id, radius, responded_at, blood_type, status) VALUES (1, 13, '2026-02-28 00:41:36+01', 50, 28, 12, 25, '2026-06-05 23:13:25+01', 'B_NEGATIVE', 'RESPONDED');
INSERT INTO match_results (escalation_level, center_id, created_at, donor_id, emergency_id, id, radius, responded_at, blood_type, status) VALUES (2, 7, '2026-04-08 11:53:06+01', 52, 1, 13, 10, '2026-05-04 19:46:25+01', 'O_NEGATIVE', 'RESPONDED');
INSERT INTO match_results (escalation_level, center_id, created_at, donor_id, emergency_id, id, radius, responded_at, blood_type, status) VALUES (0, 44, '2026-04-19 21:32:53+01', 60, 10, 14, 25, NULL, 'AB_NEGATIVE', 'PENDING');
INSERT INTO match_results (escalation_level, center_id, created_at, donor_id, emergency_id, id, radius, responded_at, blood_type, status) VALUES (1, 20, '2026-01-23 14:50:45+01', 66, 45, 15, 20, '2026-04-24 10:18:21+01', 'AB_POSITIVE', 'EXPIRED');
INSERT INTO match_results (escalation_level, center_id, created_at, donor_id, emergency_id, id, radius, responded_at, blood_type, status) VALUES (1, 46, '2026-06-27 10:18:38+01', 50, 4, 16, 10, '2026-06-27 22:47:05+01', 'A_POSITIVE', 'RESPONDED');
INSERT INTO match_results (escalation_level, center_id, created_at, donor_id, emergency_id, id, radius, responded_at, blood_type, status) VALUES (1, 50, '2026-05-12 15:04:37+01', 24, 32, 17, 5, '2026-06-30 01:33:54+01', 'UNKNOWN', 'RESPONDED');
INSERT INTO match_results (escalation_level, center_id, created_at, donor_id, emergency_id, id, radius, responded_at, blood_type, status) VALUES (3, 26, '2026-05-03 16:39:25+01', 44, 28, 18, 5, '2026-06-16 17:55:41+01', 'UNKNOWN', 'RESPONDED');
INSERT INTO match_results (escalation_level, center_id, created_at, donor_id, emergency_id, id, radius, responded_at, blood_type, status) VALUES (3, 47, '2026-05-07 00:42:07+01', 38, 19, 19, 5, NULL, 'B_POSITIVE', 'PENDING');
INSERT INTO match_results (escalation_level, center_id, created_at, donor_id, emergency_id, id, radius, responded_at, blood_type, status) VALUES (2, 21, '2026-06-06 14:53:08+01', 98, 38, 20, 20, NULL, 'B_POSITIVE', 'PENDING');
INSERT INTO match_results (escalation_level, center_id, created_at, donor_id, emergency_id, id, radius, responded_at, blood_type, status) VALUES (1, 37, '2026-05-06 22:52:45+01', 18, 29, 21, 10, '2026-06-25 04:37:25+01', 'B_NEGATIVE', 'RESPONDED');
INSERT INTO match_results (escalation_level, center_id, created_at, donor_id, emergency_id, id, radius, responded_at, blood_type, status) VALUES (1, 48, '2026-03-07 17:09:43+01', 84, 1, 22, 20, '2026-03-19 10:49:38+01', 'O_POSITIVE', 'EXPIRED');
INSERT INTO match_results (escalation_level, center_id, created_at, donor_id, emergency_id, id, radius, responded_at, blood_type, status) VALUES (0, 44, '2026-01-18 16:04:43+01', 22, 4, 23, 5, '2026-02-16 23:30:25+01', 'UNKNOWN', 'RESPONDED');
INSERT INTO match_results (escalation_level, center_id, created_at, donor_id, emergency_id, id, radius, responded_at, blood_type, status) VALUES (3, 42, '2026-03-20 15:18:52+01', 44, 38, 24, 10, NULL, 'A_POSITIVE', 'PENDING');
INSERT INTO match_results (escalation_level, center_id, created_at, donor_id, emergency_id, id, radius, responded_at, blood_type, status) VALUES (1, 8, '2026-03-30 12:43:38+01', 32, 26, 25, 20, '2026-05-24 13:22:27+01', 'A_NEGATIVE', 'EXPIRED');
INSERT INTO match_results (escalation_level, center_id, created_at, donor_id, emergency_id, id, radius, responded_at, blood_type, status) VALUES (2, 50, '2026-03-11 07:15:40+01', 60, 42, 26, 5, '2026-05-23 03:41:41+01', 'A_NEGATIVE', 'EXPIRED');
INSERT INTO match_results (escalation_level, center_id, created_at, donor_id, emergency_id, id, radius, responded_at, blood_type, status) VALUES (1, 8, '2026-03-30 15:17:39+01', 12, 8, 27, 5, '2026-06-22 09:29:23+01', 'O_NEGATIVE', 'EXPIRED');
INSERT INTO match_results (escalation_level, center_id, created_at, donor_id, emergency_id, id, radius, responded_at, blood_type, status) VALUES (3, 18, '2026-01-18 09:36:16+01', 90, 48, 28, 20, '2026-02-16 23:56:13+01', 'AB_POSITIVE', 'EXPIRED');
INSERT INTO match_results (escalation_level, center_id, created_at, donor_id, emergency_id, id, radius, responded_at, blood_type, status) VALUES (1, 37, '2026-03-01 00:53:30+01', 18, 7, 29, 20, '2026-06-19 17:38:52+01', 'A_POSITIVE', 'EXPIRED');
INSERT INTO match_results (escalation_level, center_id, created_at, donor_id, emergency_id, id, radius, responded_at, blood_type, status) VALUES (0, 26, '2026-05-22 18:00:42+01', 72, 35, 30, 10, '2026-06-10 20:16:42+01', 'A_NEGATIVE', 'EXPIRED');
INSERT INTO match_results (escalation_level, center_id, created_at, donor_id, emergency_id, id, radius, responded_at, blood_type, status) VALUES (2, 12, '2026-02-02 19:29:22+01', 78, 45, 31, 5, '2026-04-10 00:17:20+01', 'A_POSITIVE', 'EXPIRED');
INSERT INTO match_results (escalation_level, center_id, created_at, donor_id, emergency_id, id, radius, responded_at, blood_type, status) VALUES (2, 9, '2026-04-29 03:14:19+01', 74, 14, 32, 5, NULL, 'A_NEGATIVE', 'PENDING');
INSERT INTO match_results (escalation_level, center_id, created_at, donor_id, emergency_id, id, radius, responded_at, blood_type, status) VALUES (0, 8, '2026-03-07 22:56:25+01', 66, 20, 33, 10, '2026-03-27 16:03:38+01', 'AB_POSITIVE', 'EXPIRED');
INSERT INTO match_results (escalation_level, center_id, created_at, donor_id, emergency_id, id, radius, responded_at, blood_type, status) VALUES (3, 3, '2026-04-30 07:28:14+01', 68, 19, 34, 15, '2026-05-08 21:58:14+01', 'UNKNOWN', 'RESPONDED');
INSERT INTO match_results (escalation_level, center_id, created_at, donor_id, emergency_id, id, radius, responded_at, blood_type, status) VALUES (0, 23, '2026-04-03 11:52:38+01', 78, 35, 35, 10, '2026-04-12 05:47:19+01', 'A_POSITIVE', 'EXPIRED');
INSERT INTO match_results (escalation_level, center_id, created_at, donor_id, emergency_id, id, radius, responded_at, blood_type, status) VALUES (1, 13, '2026-06-04 20:33:39+01', 20, 20, 36, 25, NULL, 'UNKNOWN', 'PENDING');
INSERT INTO match_results (escalation_level, center_id, created_at, donor_id, emergency_id, id, radius, responded_at, blood_type, status) VALUES (0, 14, '2026-02-20 09:40:41+01', 76, 23, 37, 25, '2026-05-12 13:43:02+01', 'AB_POSITIVE', 'EXPIRED');
INSERT INTO match_results (escalation_level, center_id, created_at, donor_id, emergency_id, id, radius, responded_at, blood_type, status) VALUES (2, 17, '2026-06-13 10:39:17+01', 50, 42, 38, 20, '2026-06-21 08:59:33+01', 'B_POSITIVE', 'RESPONDED');
INSERT INTO match_results (escalation_level, center_id, created_at, donor_id, emergency_id, id, radius, responded_at, blood_type, status) VALUES (1, 35, '2026-04-24 23:17:22+01', 28, 5, 39, 15, '2026-06-30 12:33:10+01', 'UNKNOWN', 'RESPONDED');
INSERT INTO match_results (escalation_level, center_id, created_at, donor_id, emergency_id, id, radius, responded_at, blood_type, status) VALUES (3, 39, '2026-05-29 15:01:54+01', 22, 27, 40, 20, '2026-06-30 14:09:47+01', 'A_POSITIVE', 'RESPONDED');
INSERT INTO match_results (escalation_level, center_id, created_at, donor_id, emergency_id, id, radius, responded_at, blood_type, status) VALUES (3, 39, '2026-02-19 02:10:57+01', 32, 5, 41, 5, '2026-03-05 13:57:04+01', 'AB_NEGATIVE', 'EXPIRED');
INSERT INTO match_results (escalation_level, center_id, created_at, donor_id, emergency_id, id, radius, responded_at, blood_type, status) VALUES (1, 41, '2026-06-14 10:51:03+01', 12, 24, 42, 15, '2026-06-16 20:22:49+01', 'A_POSITIVE', 'RESPONDED');
INSERT INTO match_results (escalation_level, center_id, created_at, donor_id, emergency_id, id, radius, responded_at, blood_type, status) VALUES (0, 7, '2026-03-10 16:14:07+01', 50, 15, 43, 10, NULL, 'UNKNOWN', 'PENDING');
INSERT INTO match_results (escalation_level, center_id, created_at, donor_id, emergency_id, id, radius, responded_at, blood_type, status) VALUES (2, 47, '2026-05-29 14:03:32+01', 40, 38, 44, 25, '2026-06-01 16:00:06+01', 'AB_POSITIVE', 'RESPONDED');
INSERT INTO match_results (escalation_level, center_id, created_at, donor_id, emergency_id, id, radius, responded_at, blood_type, status) VALUES (1, 36, '2026-01-19 05:09:16+01', 36, 39, 45, 15, NULL, 'O_POSITIVE', 'PENDING');
INSERT INTO match_results (escalation_level, center_id, created_at, donor_id, emergency_id, id, radius, responded_at, blood_type, status) VALUES (3, 12, '2026-05-03 16:16:51+01', 46, 48, 46, 20, '2026-06-04 18:15:34+01', 'B_POSITIVE', 'EXPIRED');
INSERT INTO match_results (escalation_level, center_id, created_at, donor_id, emergency_id, id, radius, responded_at, blood_type, status) VALUES (1, 17, '2026-04-04 00:45:55+01', 2, 44, 47, 10, NULL, 'O_POSITIVE', 'PENDING');
INSERT INTO match_results (escalation_level, center_id, created_at, donor_id, emergency_id, id, radius, responded_at, blood_type, status) VALUES (2, 37, '2026-01-10 21:00:34+01', 96, 18, 48, 10, '2026-04-30 03:36:51+01', 'O_POSITIVE', 'EXPIRED');
INSERT INTO match_results (escalation_level, center_id, created_at, donor_id, emergency_id, id, radius, responded_at, blood_type, status) VALUES (2, 46, '2026-03-21 13:34:29+01', 60, 12, 49, 15, '2026-06-10 10:11:37+01', 'O_POSITIVE', 'RESPONDED');
INSERT INTO match_results (escalation_level, center_id, created_at, donor_id, emergency_id, id, radius, responded_at, blood_type, status) VALUES (2, 34, '2026-02-25 10:04:19+01', 92, 15, 50, 20, NULL, 'AB_NEGATIVE', 'PENDING');

-- =========================================================
-- DONATION_CERTIFICATES
-- =========================================================
INSERT INTO donation_certificates (donation_date, ml_collected, appointment_id, center_id, created_at, donor_id, id, center_name, donor_name) VALUES ('2026-03-10', 450, 6, 48, '2026-03-10 18:14:18+01', 32, 1, 'Clinique El Amen Mahdia 48', 'Rachid Nasri');
INSERT INTO donation_certificates (donation_date, ml_collected, appointment_id, center_id, created_at, donor_id, id, center_name, donor_name) VALUES ('2026-06-27', 400, 41, 7, '2026-06-27 08:13:09+01', 92, 2, 'Clinique El Amen Tunis 7', 'Jamel Bouazizi');
INSERT INTO donation_certificates (donation_date, ml_collected, appointment_id, center_id, created_at, donor_id, id, center_name, donor_name) VALUES ('2026-03-03', 470, 50, 29, '2026-03-03 08:02:11+01', 100, 3, 'Hopital Charles Nicolle Sfax 29', 'Olfa Sassi');
INSERT INTO donation_certificates (donation_date, ml_collected, appointment_id, center_id, created_at, donor_id, id, center_name, donor_name) VALUES ('2026-02-15', 470, 5, 43, '2026-02-15 09:58:58+01', 100, 4, 'Hopital Universitaire Jendouba 43', 'Olfa Sassi');
INSERT INTO donation_certificates (donation_date, ml_collected, appointment_id, center_id, created_at, donor_id, id, center_name, donor_name) VALUES ('2026-06-03', 400, 16, 28, '2026-06-03 21:33:58+01', 60, 5, 'Centre National de Transfusion Sanguine Beja 28', 'Amira Khemiri');
INSERT INTO donation_certificates (donation_date, ml_collected, appointment_id, center_id, created_at, donor_id, id, center_name, donor_name) VALUES ('2026-06-29', 450, 48, 39, '2026-06-29 19:42:04+01', 14, 6, 'Centre de Don du Sang Bizerte 39', 'Zeineb Ferjani');
INSERT INTO donation_certificates (donation_date, ml_collected, appointment_id, center_id, created_at, donor_id, id, center_name, donor_name) VALUES ('2026-06-26', 450, 11, 22, '2026-06-26 19:09:22+01', 56, 7, 'Hopital Charles Nicolle Ben Arous 22', 'Ghada Fakhfakh');
INSERT INTO donation_certificates (donation_date, ml_collected, appointment_id, center_id, created_at, donor_id, id, center_name, donor_name) VALUES ('2026-03-29', 450, 37, 28, '2026-03-29 12:53:46+01', 4, 8, 'Centre National de Transfusion Sanguine Beja 28', 'Fares Sassi');
INSERT INTO donation_certificates (donation_date, ml_collected, appointment_id, center_id, created_at, donor_id, id, center_name, donor_name) VALUES ('2026-02-08', 470, 4, 24, '2026-02-08 19:00:06+01', 86, 9, 'Centre de Don du Sang Tataouine 24', 'Aymen Zribi');
INSERT INTO donation_certificates (donation_date, ml_collected, appointment_id, center_id, created_at, donor_id, id, center_name, donor_name) VALUES ('2026-04-25', 450, 45, 12, '2026-04-25 06:15:23+01', 22, 10, 'Centre Communautaire de Sante Nabeul 12', 'Sami Jendoubi');
INSERT INTO donation_certificates (donation_date, ml_collected, appointment_id, center_id, created_at, donor_id, id, center_name, donor_name) VALUES ('2026-05-31', 400, 19, 9, '2026-05-31 05:08:58+01', 90, 11, 'Centre National de Transfusion Sanguine Le Kef 9', 'Yassine Zribi');
INSERT INTO donation_certificates (donation_date, ml_collected, appointment_id, center_id, created_at, donor_id, id, center_name, donor_name) VALUES ('2026-06-16', 470, 36, 40, '2026-06-16 22:40:48+01', 44, 12, 'Hopital Charles Nicolle Nabeul 40', 'Mohamed Nasri');
INSERT INTO donation_certificates (donation_date, ml_collected, appointment_id, center_id, created_at, donor_id, id, center_name, donor_name) VALUES ('2026-04-04', 400, 32, 28, '2026-04-04 09:16:18+01', 56, 13, 'Centre National de Transfusion Sanguine Beja 28', 'Ghada Fakhfakh');
INSERT INTO donation_certificates (donation_date, ml_collected, appointment_id, center_id, created_at, donor_id, id, center_name, donor_name) VALUES ('2026-06-19', 470, 1, 41, '2026-06-19 04:12:54+01', 54, 14, 'Unite Mobile de Collecte Gabes 41', 'Nadia Trabelsi');
INSERT INTO donation_certificates (donation_date, ml_collected, appointment_id, center_id, created_at, donor_id, id, center_name, donor_name) VALUES ('2026-06-03', 400, 28, 21, '2026-06-03 11:03:35+01', 94, 15, 'Banque de Sang Regionale Ariana 21', 'Nabil Gharbi');
INSERT INTO donation_certificates (donation_date, ml_collected, appointment_id, center_id, created_at, donor_id, id, center_name, donor_name) VALUES ('2026-06-25', 450, 33, 41, '2026-06-25 13:11:25+01', 68, 16, 'Unite Mobile de Collecte Gabes 41', 'Yosra Ben Ali');
INSERT INTO donation_certificates (donation_date, ml_collected, appointment_id, center_id, created_at, donor_id, id, center_name, donor_name) VALUES ('2026-06-30', 400, 9, 35, '2026-06-30 14:10:30+01', 58, 17, 'Unite Mobile de Collecte Le Kef 35', 'Amine Sassi');
INSERT INTO donation_certificates (donation_date, ml_collected, appointment_id, center_id, created_at, donor_id, id, center_name, donor_name) VALUES ('2026-05-17', 470, 31, 44, '2026-05-17 12:50:32+01', 18, 18, 'Centre Communautaire de Sante Medenine 44', 'Chedi Ferjani');
INSERT INTO donation_certificates (donation_date, ml_collected, appointment_id, center_id, created_at, donor_id, id, center_name, donor_name) VALUES ('2026-06-09', 450, 38, 20, '2026-06-09 02:24:07+01', 80, 19, 'Unite Mobile de Collecte Nabeul 20', 'Khalil Turki');
INSERT INTO donation_certificates (donation_date, ml_collected, appointment_id, center_id, created_at, donor_id, id, center_name, donor_name) VALUES ('2026-03-01', 450, 17, 25, '2026-03-01 15:17:11+01', 56, 20, 'Centre de Don du Sang Zaghouan 25', 'Ghada Fakhfakh');
INSERT INTO donation_certificates (donation_date, ml_collected, appointment_id, center_id, created_at, donor_id, id, center_name, donor_name) VALUES ('2026-01-20', 450, 22, 19, '2026-01-20 16:14:04+01', 80, 21, 'Clinique Les Oliviers Kairouan 19', 'Khalil Turki');
INSERT INTO donation_certificates (donation_date, ml_collected, appointment_id, center_id, created_at, donor_id, id, center_name, donor_name) VALUES ('2026-06-11', 400, 30, 11, '2026-06-11 00:19:48+01', 100, 22, 'Banque de Sang Regionale Sfax 11', 'Olfa Sassi');
INSERT INTO donation_certificates (donation_date, ml_collected, appointment_id, center_id, created_at, donor_id, id, center_name, donor_name) VALUES ('2026-03-14', 400, 18, 2, '2026-03-14 21:45:32+01', 34, 23, 'Clinique El Amen Gabes 2', 'Mouna Sassi');
INSERT INTO donation_certificates (donation_date, ml_collected, appointment_id, center_id, created_at, donor_id, id, center_name, donor_name) VALUES ('2026-01-19', 450, 23, 4, '2026-01-19 14:59:42+01', 20, 24, 'Hopital Universitaire Zaghouan 4', 'Nadia Trabelsi');
INSERT INTO donation_certificates (donation_date, ml_collected, appointment_id, center_id, created_at, donor_id, id, center_name, donor_name) VALUES ('2026-02-05', 470, 42, 34, '2026-02-05 23:45:44+01', 56, 25, 'Banque de Sang Regionale Kasserine 34', 'Ghada Fakhfakh');
INSERT INTO donation_certificates (donation_date, ml_collected, appointment_id, center_id, created_at, donor_id, id, center_name, donor_name) VALUES ('2026-06-28', 470, 13, 46, '2026-06-28 19:11:39+01', 84, 26, 'Unite Mobile de Collecte Kairouan 46', 'Iheb Ouali');
INSERT INTO donation_certificates (donation_date, ml_collected, appointment_id, center_id, created_at, donor_id, id, center_name, donor_name) VALUES ('2026-06-08', 400, 43, 29, '2026-06-08 14:31:36+01', 56, 27, 'Hopital Charles Nicolle Sfax 29', 'Ghada Fakhfakh');
INSERT INTO donation_certificates (donation_date, ml_collected, appointment_id, center_id, created_at, donor_id, id, center_name, donor_name) VALUES ('2026-06-30', 450, 20, 39, '2026-06-30 00:17:28+01', 78, 28, 'Centre de Don du Sang Bizerte 39', 'Olfa Jlassi');
INSERT INTO donation_certificates (donation_date, ml_collected, appointment_id, center_id, created_at, donor_id, id, center_name, donor_name) VALUES ('2026-06-30', 400, 7, 32, '2026-06-30 15:50:42+01', 48, 29, 'Hopital Universitaire Kairouan 32', 'Yassine Sassi');
INSERT INTO donation_certificates (donation_date, ml_collected, appointment_id, center_id, created_at, donor_id, id, center_name, donor_name) VALUES ('2026-06-15', 400, 24, 3, '2026-06-15 03:35:19+01', 46, 30, 'Hopital Universitaire Mahdia 3', 'Rania Ferjani');
INSERT INTO donation_certificates (donation_date, ml_collected, appointment_id, center_id, created_at, donor_id, id, center_name, donor_name) VALUES ('2026-06-23', 400, 14, 6, '2026-06-23 05:15:48+01', 48, 31, 'Unite Mobile de Collecte Ariana 6', 'Yassine Sassi');
INSERT INTO donation_certificates (donation_date, ml_collected, appointment_id, center_id, created_at, donor_id, id, center_name, donor_name) VALUES ('2026-06-26', 470, 39, 2, '2026-06-26 19:36:04+01', 62, 32, 'Clinique El Amen Gabes 2', 'Zied Zouari');
INSERT INTO donation_certificates (donation_date, ml_collected, appointment_id, center_id, created_at, donor_id, id, center_name, donor_name) VALUES ('2026-02-15', 450, 12, 41, '2026-02-15 11:35:01+01', 84, 33, 'Unite Mobile de Collecte Gabes 41', 'Iheb Ouali');
INSERT INTO donation_certificates (donation_date, ml_collected, appointment_id, center_id, created_at, donor_id, id, center_name, donor_name) VALUES ('2026-03-13', 450, 8, 42, '2026-03-13 16:41:39+01', 6, 34, 'Clinique El Amen Kasserine 42', 'Mohamed Zouari');
INSERT INTO donation_certificates (donation_date, ml_collected, appointment_id, center_id, created_at, donor_id, id, center_name, donor_name) VALUES ('2026-06-30', 450, 2, 16, '2026-06-30 17:56:04+01', 60, 35, 'Hopital Charles Nicolle Tataouine 16', 'Amira Khemiri');
INSERT INTO donation_certificates (donation_date, ml_collected, appointment_id, center_id, created_at, donor_id, id, center_name, donor_name) VALUES ('2026-03-19', 400, 10, 50, '2026-03-19 15:34:30+01', 54, 36, 'Banque de Sang Regionale Sousse 50', 'Nadia Trabelsi');
INSERT INTO donation_certificates (donation_date, ml_collected, appointment_id, center_id, created_at, donor_id, id, center_name, donor_name) VALUES ('2026-04-08', 450, 35, 12, '2026-04-08 03:48:12+01', 52, 37, 'Centre Communautaire de Sante Nabeul 12', 'Sarra Belhaj');
INSERT INTO donation_certificates (donation_date, ml_collected, appointment_id, center_id, created_at, donor_id, id, center_name, donor_name) VALUES ('2026-01-20', 450, 3, 42, '2026-01-20 22:52:00+01', 94, 38, 'Clinique El Amen Kasserine 42', 'Nabil Gharbi');
INSERT INTO donation_certificates (donation_date, ml_collected, appointment_id, center_id, created_at, donor_id, id, center_name, donor_name) VALUES ('2026-06-30', 470, 44, 47, '2026-06-30 00:39:27+01', 50, 39, 'Centre Communautaire de Sante Ariana 47', 'Seifeddine Jlassi');
INSERT INTO donation_certificates (donation_date, ml_collected, appointment_id, center_id, created_at, donor_id, id, center_name, donor_name) VALUES ('2026-06-28', 450, 34, 36, '2026-06-28 08:35:21+01', 6, 40, 'Hopital Charles Nicolle Tataouine 36', 'Mohamed Zouari');
INSERT INTO donation_certificates (donation_date, ml_collected, appointment_id, center_id, created_at, donor_id, id, center_name, donor_name) VALUES ('2026-01-30', 450, 26, 50, '2026-01-30 13:03:58+01', 88, 41, 'Banque de Sang Regionale Sousse 50', 'Skander Riahi');
INSERT INTO donation_certificates (donation_date, ml_collected, appointment_id, center_id, created_at, donor_id, id, center_name, donor_name) VALUES ('2026-05-16', 400, 25, 48, '2026-05-16 04:23:54+01', 36, 42, 'Clinique El Amen Mahdia 48', 'Fares Turki');
INSERT INTO donation_certificates (donation_date, ml_collected, appointment_id, center_id, created_at, donor_id, id, center_name, donor_name) VALUES ('2026-03-07', 470, 46, 23, '2026-03-07 04:12:48+01', 46, 43, 'Hopital Charles Nicolle Tataouine 23', 'Rania Ferjani');
INSERT INTO donation_certificates (donation_date, ml_collected, appointment_id, center_id, created_at, donor_id, id, center_name, donor_name) VALUES ('2026-02-06', 400, 40, 10, '2026-02-06 03:44:55+01', 90, 44, 'Banque de Sang Regionale Nabeul 10', 'Yassine Zribi');
INSERT INTO donation_certificates (donation_date, ml_collected, appointment_id, center_id, created_at, donor_id, id, center_name, donor_name) VALUES ('2026-06-17', 450, 27, 21, '2026-06-17 01:43:36+01', 4, 45, 'Banque de Sang Regionale Ariana 21', 'Fares Sassi');
INSERT INTO donation_certificates (donation_date, ml_collected, appointment_id, center_id, created_at, donor_id, id, center_name, donor_name) VALUES ('2026-01-08', 450, 47, 8, '2026-01-08 14:23:25+01', 30, 46, 'Hopital Universitaire Gafsa 8', 'Amira Ouali');
INSERT INTO donation_certificates (donation_date, ml_collected, appointment_id, center_id, created_at, donor_id, id, center_name, donor_name) VALUES ('2026-03-18', 450, 29, 36, '2026-03-18 08:00:48+01', 50, 47, 'Hopital Charles Nicolle Tataouine 36', 'Seifeddine Jlassi');
INSERT INTO donation_certificates (donation_date, ml_collected, appointment_id, center_id, created_at, donor_id, id, center_name, donor_name) VALUES ('2026-04-02', 400, 21, 22, '2026-04-02 13:30:04+01', 18, 48, 'Hopital Charles Nicolle Ben Arous 22', 'Chedi Ferjani');
INSERT INTO donation_certificates (donation_date, ml_collected, appointment_id, center_id, created_at, donor_id, id, center_name, donor_name) VALUES ('2026-06-30', 400, 49, 41, '2026-06-30 01:48:10+01', 28, 49, 'Unite Mobile de Collecte Gabes 41', 'Omar Werghi');


-- =========================================================
-- AUDIT_LOGS
-- =========================================================
INSERT INTO audit_logs (entity_id, id, timestamp, user_id, action, entity_type, ip_address, new_value, old_value) VALUES (8, 1, '2026-06-27 18:02:49+01', 85, 'EMERGENCY_CREATED', 'EmergencyRequest', '196.141.127.205', '{"bloodType":"O_POSITIVE","urgency":"HIGH","unitsNeeded":3}'::jsonb, NULL);
INSERT INTO audit_logs (entity_id, id, timestamp, user_id, action, entity_type, ip_address, new_value, old_value) VALUES (21, 2, '2026-05-10 06:26:18+01', 87, 'RESPONSE_DECLINED', 'EmergencyRequest', '196.129.186.237', '{"reason":"Unavailable at requested time"}'::jsonb, '{"responseStatus":"PENDING"}'::jsonb);
INSERT INTO audit_logs (entity_id, id, timestamp, user_id, action, entity_type, ip_address, new_value, old_value) VALUES (25, 3, '2026-06-02 12:08:54+01', 95, 'USER_STATUS_CHANGED', 'User', '196.246.28.203', '{"status":"ACTIVE"}'::jsonb, '{"status":"SUSPENDED"}'::jsonb);
INSERT INTO audit_logs (entity_id, id, timestamp, user_id, action, entity_type, ip_address, new_value, old_value) VALUES (23, 4, '2026-01-24 02:22:02+01', 3, 'ROLE_ASSIGNED', 'User', '196.197.176.61', '{"role":"CENTER_STAFF"}'::jsonb, NULL);
INSERT INTO audit_logs (entity_id, id, timestamp, user_id, action, entity_type, ip_address, new_value, old_value) VALUES (22, 5, '2026-05-03 18:26:25+01', 7, 'CENTER_APPROVED', 'DonationCenter', '196.189.3.112', '{"status":"ACTIVE"}'::jsonb, '{"status":"PENDING_APPROVAL"}'::jsonb);
INSERT INTO audit_logs (entity_id, id, timestamp, user_id, action, entity_type, ip_address, new_value, old_value) VALUES (32, 6, '2026-02-22 13:58:09+01', 61, 'EMERGENCY_CREATED', 'EmergencyRequest', '196.64.159.40', '{"bloodType":"A_POSITIVE","urgency":"CRITICAL","unitsNeeded":5}'::jsonb, NULL);
INSERT INTO audit_logs (entity_id, id, timestamp, user_id, action, entity_type, ip_address, new_value, old_value) VALUES (16, 7, '2026-04-03 14:41:27+01', 93, 'USER_DELETED', 'User', '196.222.68.180', NULL, '{"status":"ACTIVE","email":"deleted_user@example.com"}'::jsonb);
INSERT INTO audit_logs (entity_id, id, timestamp, user_id, action, entity_type, ip_address, new_value, old_value) VALUES (28, 8, '2026-05-01 14:32:36+01', 31, 'EMERGENCY_UPDATED', 'EmergencyRequest', '196.181.201.208', '{"urgency":"CRITICAL","unitsNeeded":4}'::jsonb, '{"urgency":"HIGH","unitsNeeded":3}'::jsonb);
INSERT INTO audit_logs (entity_id, id, timestamp, user_id, action, entity_type, ip_address, new_value, old_value) VALUES (33, 9, '2026-05-07 21:21:35+01', 13, 'DONOR_AVAILABILITY_UPDATED', 'DonorProfile', '196.49.219.152', '{"available":false}'::jsonb, '{"available":true}'::jsonb);
INSERT INTO audit_logs (entity_id, id, timestamp, user_id, action, entity_type, ip_address, new_value, old_value) VALUES (15, 10, '2026-04-25 20:33:18+01', 81, 'DONOR_PROFILE_ACTIVATED', 'DonorProfile', '196.103.10.71', '{"status":"ACTIVE"}'::jsonb, '{"status":"PENDING_VERIFICATION"}'::jsonb);
INSERT INTO audit_logs (entity_id, id, timestamp, user_id, action, entity_type, ip_address, new_value, old_value) VALUES (28, 11, '2026-06-18 00:51:14+01', 25, 'CENTER_CREATED', 'DonationCenter', '196.52.24.222', '{"name":"New Donation Center","status":"PENDING_APPROVAL"}'::jsonb, NULL);
INSERT INTO audit_logs (entity_id, id, timestamp, user_id, action, entity_type, ip_address, new_value, old_value) VALUES (34, 12, '2026-03-10 23:41:15+01', 7, 'DONOR_DELETION_REQUESTED', 'DonorProfile', '196.57.87.110', '{"deletionRequested":true}'::jsonb, '{"deletionRequested":false}'::jsonb);
INSERT INTO audit_logs (entity_id, id, timestamp, user_id, action, entity_type, ip_address, new_value, old_value) VALUES (28, 13, '2026-01-12 09:46:01+01', 61, 'USER_EMAIL_VERIFIED', 'User', '196.78.29.69', '{"emailVerified":true}'::jsonb, '{"emailVerified":false}'::jsonb);
INSERT INTO audit_logs (entity_id, id, timestamp, user_id, action, entity_type, ip_address, new_value, old_value) VALUES (23, 14, '2026-02-20 23:22:06+01', 47, 'RESPONSE_ACCEPTED', 'EmergencyRequest', '196.64.82.230', '{"responseStatus":"ACCEPTED"}'::jsonb, '{"responseStatus":"PENDING"}'::jsonb);
INSERT INTO audit_logs (entity_id, id, timestamp, user_id, action, entity_type, ip_address, new_value, old_value) VALUES (1, 15, '2026-02-03 03:20:52+01', 7, 'APPOINTMENT_BOOKED', 'Appointment', '196.55.74.121', '{"status":"SCHEDULED","appointmentType":"REGULAR"}'::jsonb, NULL);
INSERT INTO audit_logs (entity_id, id, timestamp, user_id, action, entity_type, ip_address, new_value, old_value) VALUES (7, 16, '2026-06-14 07:32:38+01', 35, 'DONOR_LOCATION_UPDATED', 'DonorProfile', '196.65.243.126', '{"latitude":36.8065,"longitude":10.1815}'::jsonb, '{"latitude":36.8012,"longitude":10.1760}'::jsonb);
INSERT INTO audit_logs (entity_id, id, timestamp, user_id, action, entity_type, ip_address, new_value, old_value) VALUES (8, 17, '2026-03-02 16:06:36+01', 47, 'USER_PASSWORD_CHANGED', 'User', '196.175.142.198', '{"passwordChanged":true}'::jsonb, NULL);
INSERT INTO audit_logs (entity_id, id, timestamp, user_id, action, entity_type, ip_address, new_value, old_value) VALUES (48, 18, '2026-03-02 02:48:33+01', 17, 'APPOINTMENT_CANCELLED', 'Appointment', '196.191.200.151', '{"status":"CANCELLED","cancellationReason":"Personal emergency"}'::jsonb, '{"status":"SCHEDULED"}'::jsonb);
INSERT INTO audit_logs (entity_id, id, timestamp, user_id, action, entity_type, ip_address, new_value, old_value) VALUES (16, 19, '2026-04-20 11:37:12+01', 67, 'APPOINTMENT_CHECKED_IN', 'Appointment', '196.54.150.99', '{"status":"CHECKED_IN"}'::jsonb, '{"status":"SCHEDULED"}'::jsonb);
INSERT INTO audit_logs (entity_id, id, timestamp, user_id, action, entity_type, ip_address, new_value, old_value) VALUES (9, 20, '2026-06-10 11:19:24+01', 11, 'CENTER_STATUS_UPDATED', 'DonationCenter', '196.31.11.151', '{"status":"ACTIVE"}'::jsonb, '{"status":"SUSPENDED"}'::jsonb);
INSERT INTO audit_logs (entity_id, id, timestamp, user_id, action, entity_type, ip_address, new_value, old_value) VALUES (13, 21, '2026-05-28 21:00:59+01', 83, 'EMERGENCY_RESOLVED', 'EmergencyRequest', '196.237.26.20', '{"status":"RESOLVED"}'::jsonb, '{"status":"PENDING"}'::jsonb);
INSERT INTO audit_logs (entity_id, id, timestamp, user_id, action, entity_type, ip_address, new_value, old_value) VALUES (20, 22, '2026-04-23 01:33:10+01', 69, 'EMERGENCY_FULFILLED', 'EmergencyRequest', '196.254.195.52', '{"status":"FULFILLED","unitsCollected":4}'::jsonb, '{"status":"PENDING","unitsNeeded":4}'::jsonb);
INSERT INTO audit_logs (entity_id, id, timestamp, user_id, action, entity_type, ip_address, new_value, old_value) VALUES (3, 23, '2026-05-11 10:22:23+01', 69, 'DONOR_PROFILE_UPDATED', 'DonorProfile', '196.108.141.183', '{"status":"ACTIVE"}'::jsonb, '{"status":"INACTIVE"}'::jsonb);
INSERT INTO audit_logs (entity_id, id, timestamp, user_id, action, entity_type, ip_address, new_value, old_value) VALUES (49, 24, '2026-06-11 06:21:12+01', 33, 'CENTER_DELETED', 'DonationCenter', '196.250.89.230', NULL, '{"status":"CLOSED","name":"Removed Center"}'::jsonb);
INSERT INTO audit_logs (entity_id, id, timestamp, user_id, action, entity_type, ip_address, new_value, old_value) VALUES (46, 25, '2026-03-23 06:49:29+01', 47, 'EMERGENCY_CREATED', 'EmergencyRequest', '196.18.124.108', '{"bloodType":"B_NEGATIVE","urgency":"MEDIUM","unitsNeeded":2}'::jsonb, NULL);
INSERT INTO audit_logs (entity_id, id, timestamp, user_id, action, entity_type, ip_address, new_value, old_value) VALUES (33, 26, '2026-06-18 10:31:53+01', 67, 'USER_STATUS_CHANGED', 'User', '196.43.154.71', '{"status":"SUSPENDED"}'::jsonb, '{"status":"ACTIVE"}'::jsonb);
INSERT INTO audit_logs (entity_id, id, timestamp, user_id, action, entity_type, ip_address, new_value, old_value) VALUES (19, 27, '2026-06-24 23:09:12+01', 89, 'CENTER_CREATED', 'DonationCenter', '196.16.204.249', '{"name":"New Community Center","status":"PENDING_APPROVAL","facilityType":"COMMUNITY_CENTER"}'::jsonb, NULL);
INSERT INTO audit_logs (entity_id, id, timestamp, user_id, action, entity_type, ip_address, new_value, old_value) VALUES (26, 28, '2026-02-04 15:54:25+01', 89, 'STAFF_ADDED', 'DonationCenter', '196.223.132.249', '{"staffUserId":89,"role":"CENTER_STAFF"}'::jsonb, NULL);
INSERT INTO audit_logs (entity_id, id, timestamp, user_id, action, entity_type, ip_address, new_value, old_value) VALUES (49, 29, '2026-01-31 05:01:29+01', 9, 'EMERGENCY_CANCELLED', 'EmergencyRequest', '196.144.200.100', '{"status":"CANCELLED","cancellationReason":"No longer needed"}'::jsonb, '{"status":"PENDING"}'::jsonb);
INSERT INTO audit_logs (entity_id, id, timestamp, user_id, action, entity_type, ip_address, new_value, old_value) VALUES (14, 30, '2026-04-20 22:28:12+01', 51, 'USER_UPDATED', 'User', '196.41.147.56', '{"phone":"+21698123456"}'::jsonb, '{"phone":"+21698765432"}'::jsonb);
INSERT INTO audit_logs (entity_id, id, timestamp, user_id, action, entity_type, ip_address, new_value, old_value) VALUES (33, 31, '2026-05-07 02:11:54+01', 75, 'SLOT_BLOCKED', 'DonationCenter', '196.182.185.135', '{"blockedDate":"2026-05-07","reason":"Maintenance"}'::jsonb, NULL);
INSERT INTO audit_logs (entity_id, id, timestamp, user_id, action, entity_type, ip_address, new_value, old_value) VALUES (15, 32, '2026-02-25 02:22:22+01', 33, 'APPOINTMENT_NO_SHOW', 'Appointment', '196.142.31.44', '{"status":"NO_SHOW"}'::jsonb, '{"status":"SCHEDULED"}'::jsonb);
INSERT INTO audit_logs (entity_id, id, timestamp, user_id, action, entity_type, ip_address, new_value, old_value) VALUES (16, 33, '2026-01-09 13:35:35+01', 29, 'USER_DELETION_REQUESTED', 'User', '196.164.38.242', '{"deletionRequested":true}'::jsonb, '{"deletionRequested":false}'::jsonb);
INSERT INTO audit_logs (entity_id, id, timestamp, user_id, action, entity_type, ip_address, new_value, old_value) VALUES (18, 34, '2026-06-17 16:50:17+01', 35, 'USER_STATUS_CHANGED', 'User', '196.165.251.64', '{"status":"PENDING_VERIFICATION"}'::jsonb, '{"status":"ACTIVE"}'::jsonb);
INSERT INTO audit_logs (entity_id, id, timestamp, user_id, action, entity_type, ip_address, new_value, old_value) VALUES (1, 35, '2026-04-07 19:51:54+01', 27, 'APPOINTMENT_COMPLETED', 'Appointment', '196.162.155.249', '{"status":"COMPLETED","mlCollected":450}'::jsonb, '{"status":"CHECKED_IN"}'::jsonb);
INSERT INTO audit_logs (entity_id, id, timestamp, user_id, action, entity_type, ip_address, new_value, old_value) VALUES (46, 36, '2026-02-28 22:00:07+01', 47, 'APPOINTMENT_RESCHEDULED', 'Appointment', '196.185.35.105', '{"status":"SCHEDULED","newDate":"2026-03-05"}'::jsonb, '{"status":"SCHEDULED","originalDate":"2026-02-28"}'::jsonb);
INSERT INTO audit_logs (entity_id, id, timestamp, user_id, action, entity_type, ip_address, new_value, old_value) VALUES (4, 37, '2026-02-23 13:29:11+01', 79, 'ROLE_ASSIGNED', 'User', '196.211.92.57', '{"role":"CENTER_MANAGER"}'::jsonb, NULL);
INSERT INTO audit_logs (entity_id, id, timestamp, user_id, action, entity_type, ip_address, new_value, old_value) VALUES (12, 38, '2026-06-24 13:21:55+01', 93, 'USER_DELETED', 'User', '196.138.169.251', NULL, '{"status":"ACTIVE","email":"removed@example.com"}'::jsonb);
INSERT INTO audit_logs (entity_id, id, timestamp, user_id, action, entity_type, ip_address, new_value, old_value) VALUES (38, 39, '2026-06-19 19:49:16+01', 99, 'EMERGENCY_ESCALATED', 'EmergencyRequest', '196.243.168.66', '{"status":"ESCALATED","escalationReason":"No responders within SLA"}'::jsonb, '{"status":"PENDING"}'::jsonb);
INSERT INTO audit_logs (entity_id, id, timestamp, user_id, action, entity_type, ip_address, new_value, old_value) VALUES (36, 40, '2026-04-25 19:48:41+01', 81, 'EMERGENCY_UPDATED', 'EmergencyRequest', '196.57.84.69', '{"unitsNeeded":5}'::jsonb, '{"unitsNeeded":3}'::jsonb);
INSERT INTO audit_logs (entity_id, id, timestamp, user_id, action, entity_type, ip_address, new_value, old_value) VALUES (49, 41, '2026-04-16 07:46:03+01', 27, 'DONOR_NOTIFICATION_PREFS_UPDATED', 'DonorProfile', '196.115.60.187', '{"emailNotifications":false,"smsNotifications":true}'::jsonb, '{"emailNotifications":true,"smsNotifications":true}'::jsonb);
INSERT INTO audit_logs (entity_id, id, timestamp, user_id, action, entity_type, ip_address, new_value, old_value) VALUES (10, 42, '2026-03-20 15:40:12+01', 93, 'USER_UPDATED', 'User', '196.127.47.118', '{"displayName":"Updated Name"}'::jsonb, '{"displayName":"Old Name"}'::jsonb);
INSERT INTO audit_logs (entity_id, id, timestamp, user_id, action, entity_type, ip_address, new_value, old_value) VALUES (12, 43, '2026-05-28 13:10:13+01', 23, 'CENTER_UPDATED', 'DonationCenter', '196.126.242.187', '{"totalCapacity":75}'::jsonb, '{"totalCapacity":65}'::jsonb);
INSERT INTO audit_logs (entity_id, id, timestamp, user_id, action, entity_type, ip_address, new_value, old_value) VALUES (2, 44, '2026-04-28 05:14:54+01', 23, 'DONOR_FLAG_UPDATED', 'DonorProfile', '196.227.46.210', '{"flagged":true,"flagReason":"Eligibility period not elapsed"}'::jsonb, '{"flagged":false}'::jsonb);
INSERT INTO audit_logs (entity_id, id, timestamp, user_id, action, entity_type, ip_address, new_value, old_value) VALUES (13, 45, '2026-05-05 09:40:23+01', 51, 'DONOR_BLOOD_TYPE_ADMIN_UPDATED', 'DonorProfile', '196.19.110.63', '{"bloodType":"A_POSITIVE"}'::jsonb, '{"bloodType":"A_NEGATIVE"}'::jsonb);
INSERT INTO audit_logs (entity_id, id, timestamp, user_id, action, entity_type, ip_address, new_value, old_value) VALUES (26, 46, '2026-06-14 10:21:20+01', 59, 'STAFF_REMOVED', 'DonationCenter', '196.36.187.193', NULL, '{"staffUserId":59,"role":"CENTER_STAFF"}'::jsonb);
INSERT INTO audit_logs (entity_id, id, timestamp, user_id, action, entity_type, ip_address, new_value, old_value) VALUES (25, 47, '2026-04-20 05:28:03+01', 1, 'CLOSURE_ADDED', 'DonationCenter', '196.29.212.4', '{"closureDate":"2026-05-01","reason":"Public holiday"}'::jsonb, NULL);
INSERT INTO audit_logs (entity_id, id, timestamp, user_id, action, entity_type, ip_address, new_value, old_value) VALUES (3, 48, '2026-05-31 05:48:00+01', 97, 'DONOR_REACTIVATED', 'DonorProfile', '196.198.22.69', '{"status":"ACTIVE"}'::jsonb, '{"status":"INACTIVE"}'::jsonb);
INSERT INTO audit_logs (entity_id, id, timestamp, user_id, action, entity_type, ip_address, new_value, old_value) VALUES (39, 49, '2026-06-19 18:00:29+01', 19, 'ROLE_REVOKED', 'User', '196.246.203.28', NULL, '{"role":"CENTER_STAFF"}'::jsonb);
INSERT INTO audit_logs (entity_id, id, timestamp, user_id, action, entity_type, ip_address, new_value, old_value) VALUES (22, 50, '2026-05-14 04:55:18+01', 69, 'HEALTH_QUESTIONNAIRE_UPDATED', 'HealthQuestionnaire', '196.52.36.123', '{"recentDonation":false,"medications":false}'::jsonb, '{"recentDonation":true,"medications":false}'::jsonb);

-- =========================================================
-- SESSIONS
-- =========================================================
INSERT INTO sessions (created_at, expires_at, id, user_id, access_token_hash, ip_address, refresh_token_hash, user_agent) VALUES ('2026-04-12 22:16:17+01', '2026-04-19 22:16:17+01', 1, 97, 'atok_7e1d2e2aa2b80add0fe8445819d9ebff', '196.237.236.22', 'rtok_83c234c4e7fb84865ba8c4f0561b39eb', 'Mozilla/5.0 (Linux; Android 13) Chrome/124.0');
INSERT INTO sessions (created_at, expires_at, id, user_id, access_token_hash, ip_address, refresh_token_hash, user_agent) VALUES ('2026-02-03 03:52:15+01', '2026-02-10 03:52:15+01', 2, 17, 'atok_f11934c9802212db5266dbfd7f1cb8f7', '196.200.210.36', 'rtok_ec798d7ac950a9f54b77afbb37cc555e', 'Mozilla/5.0 (Linux; Android 13) Chrome/124.0');
INSERT INTO sessions (created_at, expires_at, id, user_id, access_token_hash, ip_address, refresh_token_hash, user_agent) VALUES ('2026-05-11 18:07:07+01', '2026-05-18 18:07:07+01', 3, 53, 'atok_65ec8a62a748278250c929cd3dc52771', '196.81.168.165', 'rtok_00af0ebf6fdcbda8dd8db3a91abe9692', 'Mozilla/5.0 (Linux; Android 13) Chrome/124.0');
INSERT INTO sessions (created_at, expires_at, id, user_id, access_token_hash, ip_address, refresh_token_hash, user_agent) VALUES ('2026-05-17 00:58:50+01', '2026-06-16 00:58:50+01', 4, 41, 'atok_fc4f8226a617ac4b49dd4c59293261ce', '196.160.220.241', 'rtok_0860d3bc416c7296bbf8cefbc6e1e84c', 'Mozilla/5.0 (Linux; Android 13) Chrome/124.0');
INSERT INTO sessions (created_at, expires_at, id, user_id, access_token_hash, ip_address, refresh_token_hash, user_agent) VALUES ('2026-06-25 17:19:14+01', '2026-07-02 17:19:14+01', 5, 15, 'atok_a7078cf79f42e84345d7a7ec0b01b148', '196.120.28.22', 'rtok_cb9000bf3d5b129cd396a669dda60ecc', 'Mozilla/5.0 (Linux; Android 13) Chrome/124.0');
INSERT INTO sessions (created_at, expires_at, id, user_id, access_token_hash, ip_address, refresh_token_hash, user_agent) VALUES ('2026-03-15 10:45:23+01', '2026-03-22 10:45:23+01', 6, 35, 'atok_710d8ca809ed91269083728d53c47575', '196.4.39.230', 'rtok_1c7b902a17c19bd902c0f993a7a82754', 'Mozilla/5.0 (Linux; Android 13) Chrome/124.0');
INSERT INTO sessions (created_at, expires_at, id, user_id, access_token_hash, ip_address, refresh_token_hash, user_agent) VALUES ('2026-03-17 01:40:50+01', '2026-03-24 01:40:50+01', 7, 59, 'atok_f226bc0c320750e38796b430168b13ae', '196.108.55.58', 'rtok_62b79f618460962e4e884a8aa6725fc3', 'Mozilla/5.0 (Linux; Android 13) Chrome/124.0');
INSERT INTO sessions (created_at, expires_at, id, user_id, access_token_hash, ip_address, refresh_token_hash, user_agent) VALUES ('2026-02-13 23:36:44+01', '2026-02-20 23:36:44+01', 8, 55, 'atok_d4763c49c820b624674e29db043a58b0', '196.191.188.34', 'rtok_946c4dd7560eabca97b8bcecb78db601', 'Mozilla/5.0 (Linux; Android 13) Chrome/124.0');
INSERT INTO sessions (created_at, expires_at, id, user_id, access_token_hash, ip_address, refresh_token_hash, user_agent) VALUES ('2026-01-15 02:35:11+01', '2026-02-14 02:35:11+01', 9, 81, 'atok_0841ce8447bff93a2eb3226df8acb5ce', '196.52.245.24', 'rtok_f2e5120dc48e036e69180573303f4bca', 'Mozilla/5.0 (Linux; Android 13) Chrome/124.0');
INSERT INTO sessions (created_at, expires_at, id, user_id, access_token_hash, ip_address, refresh_token_hash, user_agent) VALUES ('2026-02-16 00:16:18+01', '2026-02-23 00:16:18+01', 10, 65, 'atok_e749facf6fb4f6bfaf1682032be387b8', '196.108.175.194', 'rtok_07da1aeb133daa63a1c9a22fa170effb', 'Mozilla/5.0 (Linux; Android 13) Chrome/124.0');
INSERT INTO sessions (created_at, expires_at, id, user_id, access_token_hash, ip_address, refresh_token_hash, user_agent) VALUES ('2026-02-26 20:40:21+01', '2026-03-28 20:40:21+01', 11, 99, 'atok_ae914879bd7c975db5672a5a8aaee560', '196.179.44.237', 'rtok_c1c768901b2349f5deeb2745db9aad7d', 'Mozilla/5.0 (Linux; Android 13) Chrome/124.0');
INSERT INTO sessions (created_at, expires_at, id, user_id, access_token_hash, ip_address, refresh_token_hash, user_agent) VALUES ('2026-03-03 18:49:48+01', '2026-04-02 18:49:48+01', 12, 13, 'atok_62f9547bc8013d0b0493b1bba1e12fb2', '196.91.111.55', 'rtok_c22aeb450e03210449daaebbd350b58e', 'Mozilla/5.0 (Linux; Android 13) Chrome/124.0');
INSERT INTO sessions (created_at, expires_at, id, user_id, access_token_hash, ip_address, refresh_token_hash, user_agent) VALUES ('2026-02-01 04:53:53+01', '2026-02-02 04:53:53+01', 13, 27, 'atok_fe35b251e8dfbc8ca1fceb473931db73', '196.254.75.214', 'rtok_d266b6f1f24e17ef24771e24c0d9fa35', 'Mozilla/5.0 (Linux; Android 13) Chrome/124.0');
INSERT INTO sessions (created_at, expires_at, id, user_id, access_token_hash, ip_address, refresh_token_hash, user_agent) VALUES ('2026-03-07 05:00:25+01', '2026-04-06 05:00:25+01', 14, 55, 'atok_b80be42898c8ff39ed357b636fba8c42', '196.75.160.143', 'rtok_4ee6aae3ae04aefe746cbe9d3bd1f640', 'Mozilla/5.0 (Linux; Android 13) Chrome/124.0');
INSERT INTO sessions (created_at, expires_at, id, user_id, access_token_hash, ip_address, refresh_token_hash, user_agent) VALUES ('2026-06-11 12:37:18+01', '2026-06-18 12:37:18+01', 15, 13, 'atok_3c086c6e0dee81c67b2524ff1918a6bc', '196.233.78.202', 'rtok_d2c23e600a671aa74fbe1fa545adc51d', 'Mozilla/5.0 (Linux; Android 13) Chrome/124.0');
INSERT INTO sessions (created_at, expires_at, id, user_id, access_token_hash, ip_address, refresh_token_hash, user_agent) VALUES ('2026-04-26 19:02:32+01', '2026-04-27 19:02:32+01', 16, 87, 'atok_ee9a15ba3bbd171ab09772747304c74c', '196.190.180.140', 'rtok_d1eb3fe0617ceb03a4418fc81ac27d82', 'Mozilla/5.0 (Linux; Android 13) Chrome/124.0');
INSERT INTO sessions (created_at, expires_at, id, user_id, access_token_hash, ip_address, refresh_token_hash, user_agent) VALUES ('2026-01-12 15:54:04+01', '2026-02-11 15:54:04+01', 17, 65, 'atok_c4317c648b7193c524e53337ba5d414f', '196.60.252.198', 'rtok_65d8c860b3b7b6378f5093de1edc76d3', 'Mozilla/5.0 (Linux; Android 13) Chrome/124.0');
INSERT INTO sessions (created_at, expires_at, id, user_id, access_token_hash, ip_address, refresh_token_hash, user_agent) VALUES ('2026-06-23 13:59:37+01', '2026-06-24 13:59:37+01', 18, 81, 'atok_d68f02bc5841731f32cb00bb6ebd3fd9', '196.237.213.65', 'rtok_0f7ce2d23e3283894a0d8ad7f68a1633', 'Mozilla/5.0 (Linux; Android 13) Chrome/124.0');
INSERT INTO sessions (created_at, expires_at, id, user_id, access_token_hash, ip_address, refresh_token_hash, user_agent) VALUES ('2026-05-27 02:02:08+01', '2026-06-03 02:02:08+01', 19, 97, 'atok_9933b29eaa240e79aa6627452a6500c1', '196.230.158.252', 'rtok_8ff8dba0662a67daa1ef389c044b9d57', 'Mozilla/5.0 (Linux; Android 13) Chrome/124.0');
INSERT INTO sessions (created_at, expires_at, id, user_id, access_token_hash, ip_address, refresh_token_hash, user_agent) VALUES ('2026-03-22 09:25:23+01', '2026-03-29 09:25:23+01', 20, 29, 'atok_96e42e52a853edc9d5df7c9541b1ae07', '196.22.16.72', 'rtok_70a01d0424a6886f7e6da5376866298e', 'Mozilla/5.0 (Linux; Android 13) Chrome/124.0');
INSERT INTO sessions (created_at, expires_at, id, user_id, access_token_hash, ip_address, refresh_token_hash, user_agent) VALUES ('2026-03-25 23:53:34+01', '2026-04-24 23:53:34+01', 21, 69, 'atok_56e919d8e4e96e3aeee46ae4771aaaf4', '196.143.56.105', 'rtok_a9e3fbc6e7c4c3aba473a5a5ee47f53f', 'Mozilla/5.0 (Linux; Android 13) Chrome/124.0');
INSERT INTO sessions (created_at, expires_at, id, user_id, access_token_hash, ip_address, refresh_token_hash, user_agent) VALUES ('2026-04-02 20:03:18+01', '2026-04-03 20:03:18+01', 22, 9, 'atok_2dff7048cf6f04193ca88a362623fd7a', '196.186.39.98', 'rtok_6499939452b86342fd38f69df95190b2', 'Mozilla/5.0 (Linux; Android 13) Chrome/124.0');
INSERT INTO sessions (created_at, expires_at, id, user_id, access_token_hash, ip_address, refresh_token_hash, user_agent) VALUES ('2026-06-15 10:12:03+01', '2026-07-15 10:12:03+01', 23, 9, 'atok_1d6d798d84436fb02c18dc1c0651b77a', '196.43.254.19', 'rtok_c788f025b88339a5f1017e1cc688b83f', 'Mozilla/5.0 (Linux; Android 13) Chrome/124.0');
INSERT INTO sessions (created_at, expires_at, id, user_id, access_token_hash, ip_address, refresh_token_hash, user_agent) VALUES ('2026-03-24 04:40:46+01', '2026-03-31 04:40:46+01', 24, 83, 'atok_1239bef38370ffcc759d233bebe18e89', '196.193.28.237', 'rtok_deb22c3a82d17fe901c1858b81bce496', 'Mozilla/5.0 (Linux; Android 13) Chrome/124.0');
INSERT INTO sessions (created_at, expires_at, id, user_id, access_token_hash, ip_address, refresh_token_hash, user_agent) VALUES ('2026-05-24 12:39:48+01', '2026-06-23 12:39:48+01', 25, 95, 'atok_bcf154b58ab52d27494d37dd11c1c4b2', '196.186.192.55', 'rtok_ab2dc0e03414cede160f1bb86e9f4b1f', 'Mozilla/5.0 (Linux; Android 13) Chrome/124.0');
INSERT INTO sessions (created_at, expires_at, id, user_id, access_token_hash, ip_address, refresh_token_hash, user_agent) VALUES ('2026-03-05 01:42:37+01', '2026-03-12 01:42:37+01', 26, 15, 'atok_561610de286a6ef0108e5f7e03cd493f', '196.155.139.6', 'rtok_9a06ff6bad29705ecf02da76226aea45', 'Mozilla/5.0 (Linux; Android 13) Chrome/124.0');
INSERT INTO sessions (created_at, expires_at, id, user_id, access_token_hash, ip_address, refresh_token_hash, user_agent) VALUES ('2026-02-19 12:17:20+01', '2026-02-20 12:17:20+01', 27, 5, 'atok_700787b255a528b3077605e1b9300d0e', '196.73.233.180', 'rtok_2da10f2bd90df34f69bc71dc3153d6ee', 'Mozilla/5.0 (Linux; Android 13) Chrome/124.0');
INSERT INTO sessions (created_at, expires_at, id, user_id, access_token_hash, ip_address, refresh_token_hash, user_agent) VALUES ('2026-05-31 22:17:20+01', '2026-06-01 22:17:20+01', 28, 43, 'atok_f30a5662f4f5279bb506c5c19a0c6152', '196.103.3.76', 'rtok_b958ef83ce469f31df598c51fc19a5db', 'Mozilla/5.0 (Linux; Android 13) Chrome/124.0');
INSERT INTO sessions (created_at, expires_at, id, user_id, access_token_hash, ip_address, refresh_token_hash, user_agent) VALUES ('2026-03-02 02:02:39+01', '2026-03-03 02:02:39+01', 29, 59, 'atok_33b48fade805f6824d3bdc3c24037395', '196.158.172.233', 'rtok_1c69b6cc7f8a214f2b2001e228799757', 'Mozilla/5.0 (Linux; Android 13) Chrome/124.0');
INSERT INTO sessions (created_at, expires_at, id, user_id, access_token_hash, ip_address, refresh_token_hash, user_agent) VALUES ('2026-03-22 01:12:50+01', '2026-04-21 01:12:50+01', 30, 71, 'atok_6420faf145d2990c5a12aebfe83ae1a5', '196.65.71.161', 'rtok_a3a5131c542bf355c7b7b15f7e745f48', 'Mozilla/5.0 (Linux; Android 13) Chrome/124.0');
INSERT INTO sessions (created_at, expires_at, id, user_id, access_token_hash, ip_address, refresh_token_hash, user_agent) VALUES ('2026-01-31 21:01:59+01', '2026-03-02 21:01:59+01', 31, 91, 'atok_5fa404ad6ceca350479e2b17b8b8cbf4', '196.6.197.44', 'rtok_6dfb5d748d6ca5ccfdd8ce5e13f4147a', 'Mozilla/5.0 (Linux; Android 13) Chrome/124.0');
INSERT INTO sessions (created_at, expires_at, id, user_id, access_token_hash, ip_address, refresh_token_hash, user_agent) VALUES ('2026-03-11 22:46:07+01', '2026-04-10 22:46:07+01', 32, 75, 'atok_39044ef925e2dde82411f348fbf8c1f8', '196.48.234.92', 'rtok_e1ca613007eff4e986820690a28899d9', 'Mozilla/5.0 (Linux; Android 13) Chrome/124.0');
INSERT INTO sessions (created_at, expires_at, id, user_id, access_token_hash, ip_address, refresh_token_hash, user_agent) VALUES ('2026-01-26 12:31:37+01', '2026-02-25 12:31:37+01', 33, 97, 'atok_f99e661cac8ebddbd47f1f14584756bc', '196.196.240.35', 'rtok_0fe4732f49a8cdf2a30bd1aeb0cce41e', 'Mozilla/5.0 (Linux; Android 13) Chrome/124.0');
INSERT INTO sessions (created_at, expires_at, id, user_id, access_token_hash, ip_address, refresh_token_hash, user_agent) VALUES ('2026-02-02 17:40:18+01', '2026-02-09 17:40:18+01', 34, 53, 'atok_471b4b76af3011906ee4361f1f2f6920', '196.173.21.39', 'rtok_a95e23701a71a3f046aee01eab520c2c', 'Mozilla/5.0 (Linux; Android 13) Chrome/124.0');
INSERT INTO sessions (created_at, expires_at, id, user_id, access_token_hash, ip_address, refresh_token_hash, user_agent) VALUES ('2026-04-25 13:48:34+01', '2026-05-02 13:48:34+01', 35, 19, 'atok_8f1388873afa356b25f4e0c555b89639', '196.158.132.139', 'rtok_7d6f16056e4384e0a0ce39fdafbe5734', 'Mozilla/5.0 (Linux; Android 13) Chrome/124.0');
INSERT INTO sessions (created_at, expires_at, id, user_id, access_token_hash, ip_address, refresh_token_hash, user_agent) VALUES ('2026-04-09 01:35:44+01', '2026-04-16 01:35:44+01', 36, 43, 'atok_8aff115d54ea7942fd9fef4a3cf09a92', '196.126.254.61', 'rtok_0209b0dbe76992fd8e64444422d06e8c', 'Mozilla/5.0 (Linux; Android 13) Chrome/124.0');
INSERT INTO sessions (created_at, expires_at, id, user_id, access_token_hash, ip_address, refresh_token_hash, user_agent) VALUES ('2026-03-14 13:02:07+01', '2026-03-15 13:02:07+01', 37, 23, 'atok_2f1c8049043c39359fd31bf584277cf7', '196.45.121.240', 'rtok_5dcba3141dc146778d5b540210698253', 'Mozilla/5.0 (Linux; Android 13) Chrome/124.0');
INSERT INTO sessions (created_at, expires_at, id, user_id, access_token_hash, ip_address, refresh_token_hash, user_agent) VALUES ('2026-05-10 08:21:30+01', '2026-05-17 08:21:30+01', 38, 69, 'atok_15e076f5240bce76bc0f86db4b81dee1', '196.202.116.180', 'rtok_eeac2a835e53e54c6c37ed73caf27218', 'Mozilla/5.0 (Linux; Android 13) Chrome/124.0');
INSERT INTO sessions (created_at, expires_at, id, user_id, access_token_hash, ip_address, refresh_token_hash, user_agent) VALUES ('2026-04-27 13:09:53+01', '2026-05-27 13:09:53+01', 39, 45, 'atok_7ff71c2c8a9fede664f1887762dd40bf', '196.18.70.142', 'rtok_972b612d6c87d5c9ee5588cedd61b8a6', 'Mozilla/5.0 (Linux; Android 13) Chrome/124.0');
INSERT INTO sessions (created_at, expires_at, id, user_id, access_token_hash, ip_address, refresh_token_hash, user_agent) VALUES ('2026-02-05 18:55:00+01', '2026-02-06 18:55:00+01', 40, 9, 'atok_11b33ea085143469e0e4f1e4e2f424b6', '196.47.125.2', 'rtok_f91cb0e8142c66d2f2be33cc6673c994', 'Mozilla/5.0 (Linux; Android 13) Chrome/124.0');
INSERT INTO sessions (created_at, expires_at, id, user_id, access_token_hash, ip_address, refresh_token_hash, user_agent) VALUES ('2026-05-22 01:53:53+01', '2026-05-29 01:53:53+01', 41, 53, 'atok_de87fe57fe36a9a04c1e7d4e7a002563', '196.113.220.71', 'rtok_bdf1519a4581e30b4ef8bc5f60ccedbd', 'Mozilla/5.0 (Linux; Android 13) Chrome/124.0');
INSERT INTO sessions (created_at, expires_at, id, user_id, access_token_hash, ip_address, refresh_token_hash, user_agent) VALUES ('2026-04-09 23:48:24+01', '2026-05-09 23:48:24+01', 42, 73, 'atok_e2ea6b65f7818c11f45e5ab001a282a0', '196.9.246.130', 'rtok_7f2efbbb2bc27314db47189cfc316598', 'Mozilla/5.0 (Linux; Android 13) Chrome/124.0');
INSERT INTO sessions (created_at, expires_at, id, user_id, access_token_hash, ip_address, refresh_token_hash, user_agent) VALUES ('2026-04-15 01:45:51+01', '2026-04-16 01:45:51+01', 43, 51, 'atok_30afc73624d78853dceb29acfb784dc9', '196.60.240.236', 'rtok_dfc8170155010d07bc85b6b135fd96fe', 'Mozilla/5.0 (Linux; Android 13) Chrome/124.0');
INSERT INTO sessions (created_at, expires_at, id, user_id, access_token_hash, ip_address, refresh_token_hash, user_agent) VALUES ('2026-06-20 21:17:35+01', '2026-06-21 21:17:35+01', 44, 15, 'atok_a607f9707e9b4019e4fcd3cc56a674f0', '196.41.108.45', 'rtok_c2c64f86ad0f73aaa15c0265cbfd0b91', 'Mozilla/5.0 (Linux; Android 13) Chrome/124.0');
INSERT INTO sessions (created_at, expires_at, id, user_id, access_token_hash, ip_address, refresh_token_hash, user_agent) VALUES ('2026-06-04 20:48:01+01', '2026-07-04 20:48:01+01', 45, 53, 'atok_176a18ef294b173c26c455e3de5e5132', '196.253.227.69', 'rtok_6c0438a80adcca6cf31f4731d32be68f', 'Mozilla/5.0 (Linux; Android 13) Chrome/124.0');
INSERT INTO sessions (created_at, expires_at, id, user_id, access_token_hash, ip_address, refresh_token_hash, user_agent) VALUES ('2026-02-16 09:53:31+01', '2026-02-23 09:53:31+01', 46, 23, 'atok_61b76e60a2b97b5cf12999c782c46d52', '196.200.39.145', 'rtok_726fd92fbc4376c937e99e8981c9ae2e', 'Mozilla/5.0 (Linux; Android 13) Chrome/124.0');
INSERT INTO sessions (created_at, expires_at, id, user_id, access_token_hash, ip_address, refresh_token_hash, user_agent) VALUES ('2026-04-22 00:01:26+01', '2026-04-23 00:01:26+01', 47, 93, 'atok_a0c7669d640d7b9e8b59c146abeb414e', '196.32.139.191', 'rtok_3c86589a7e40c571e2b597d7150ab675', 'Mozilla/5.0 (Linux; Android 13) Chrome/124.0');
INSERT INTO sessions (created_at, expires_at, id, user_id, access_token_hash, ip_address, refresh_token_hash, user_agent) VALUES ('2026-04-26 21:37:47+01', '2026-05-03 21:37:47+01', 48, 33, 'atok_079bb6d134b6527028033693b6f48005', '196.89.166.202', 'rtok_117a06508dc4fe0a18f4f9e6f546c274', 'Mozilla/5.0 (Linux; Android 13) Chrome/124.0');
INSERT INTO sessions (created_at, expires_at, id, user_id, access_token_hash, ip_address, refresh_token_hash, user_agent) VALUES ('2026-03-14 18:31:19+01', '2026-03-21 18:31:19+01', 49, 95, 'atok_6c1bf269fe8b0346d71f1fccade24e2c', '196.159.179.20', 'rtok_db380e5208b978e3b91a24e179dd4dad', 'Mozilla/5.0 (Linux; Android 13) Chrome/124.0');
INSERT INTO sessions (created_at, expires_at, id, user_id, access_token_hash, ip_address, refresh_token_hash, user_agent) VALUES ('2026-06-05 02:49:32+01', '2026-06-12 02:49:32+01', 50, 3, 'atok_70230734895596ef88ff9c79d2c9621f', '196.207.212.155', 'rtok_df597de7113b9a14815bf9ee8a306c04', 'Mozilla/5.0 (Linux; Android 13) Chrome/124.0');

-- =========================================================
-- VERIFICATION_TOKENS
-- =========================================================
INSERT INTO verification_tokens (created_at, expires_at, id, user_id, token_hash, type) VALUES ('2026-04-08 12:19:48+01', '2026-04-10 12:19:48+01', 1, 39, 'ed62069379a636bb0cd9697a85fb0546017cec0ebedf4b1b', 'PASSWORD_RESET');
INSERT INTO verification_tokens (created_at, expires_at, id, user_id, token_hash, type) VALUES ('2026-06-09 01:07:59+01', '2026-06-09 02:07:59+01', 2, 3, '9afc92a0a8379d3cdf7833858cc7aa2996eefc2813989820', 'PASSWORD_RESET');
INSERT INTO verification_tokens (created_at, expires_at, id, user_id, token_hash, type) VALUES ('2026-05-02 00:49:49+01', '2026-05-02 01:49:49+01', 3, 15, 'ffd7d0f886857b24f23202df1d900bab23e96652a9e38245', 'EMAIL_VERIFICATION');
INSERT INTO verification_tokens (created_at, expires_at, id, user_id, token_hash, type) VALUES ('2026-06-24 20:02:23+01', '2026-06-25 20:02:23+01', 4, 7, 'd9a7752cf58b985bdd4a8d58ad77997f7acd480374d85e50', 'PASSWORD_RESET');
INSERT INTO verification_tokens (created_at, expires_at, id, user_id, token_hash, type) VALUES ('2026-02-20 12:40:17+01', '2026-02-20 13:40:17+01', 5, 49, '71340514d4b81cf9e4802e3bb78921c91bd7c66d31c3a86d', 'EMAIL_VERIFICATION');
INSERT INTO verification_tokens (created_at, expires_at, id, user_id, token_hash, type) VALUES ('2026-02-27 17:14:06+01', '2026-03-01 17:14:06+01', 6, 93, 'ac7ec18a092d4f5a173ec2fbb2a55fa84aaa0376a2a71304', 'PASSWORD_RESET');
INSERT INTO verification_tokens (created_at, expires_at, id, user_id, token_hash, type) VALUES ('2026-06-14 15:09:51+01', '2026-06-14 16:09:51+01', 7, 57, '43f918c2fc4c998fa6c152d07f900510ff05dddd74382604', 'EMAIL_VERIFICATION');
INSERT INTO verification_tokens (created_at, expires_at, id, user_id, token_hash, type) VALUES ('2026-01-26 20:14:52+01', '2026-01-26 21:14:52+01', 8, 51, '218970df84809ad3c946436cfd5613624abba87fb8f59eb3', 'PASSWORD_RESET');
INSERT INTO verification_tokens (created_at, expires_at, id, user_id, token_hash, type) VALUES ('2026-06-13 14:21:34+01', '2026-06-14 14:21:34+01', 9, 75, '15eb28c023c2195894c16c00ca5783c8993898bce0c9649f', 'EMAIL_VERIFICATION');
INSERT INTO verification_tokens (created_at, expires_at, id, user_id, token_hash, type) VALUES ('2026-04-20 03:23:02+01', '2026-04-21 03:23:02+01', 10, 45, 'a80c7de2818ade10a561b2c935a080a45f6760f9521e88b4', 'PASSWORD_RESET');
INSERT INTO verification_tokens (created_at, expires_at, id, user_id, token_hash, type) VALUES ('2026-06-12 00:41:18+01', '2026-06-12 01:41:18+01', 11, 65, '66bbfc667aa673c47176bb5d5bb9a6dabf21d93ce47acacd', 'EMAIL_VERIFICATION');
INSERT INTO verification_tokens (created_at, expires_at, id, user_id, token_hash, type) VALUES ('2026-04-15 04:46:49+01', '2026-04-15 05:46:49+01', 12, 69, '55bcf9c4332e075249e6bbf537b65a5b38f44be715116f9d', 'EMAIL_VERIFICATION');
INSERT INTO verification_tokens (created_at, expires_at, id, user_id, token_hash, type) VALUES ('2026-05-06 00:49:31+01', '2026-05-07 00:49:31+01', 13, 5, '11879181c60acf940a64c3cb0cfa0e92d1509c9a9bf1ed96', 'PASSWORD_RESET');
INSERT INTO verification_tokens (created_at, expires_at, id, user_id, token_hash, type) VALUES ('2026-01-03 16:10:32+01', '2026-01-04 16:10:32+01', 14, 63, '4fe3332ff5c31afd9588481ef6589638537d38f80cf21895', 'EMAIL_VERIFICATION');
INSERT INTO verification_tokens (created_at, expires_at, id, user_id, token_hash, type) VALUES ('2026-03-12 15:38:43+01', '2026-03-12 16:38:43+01', 15, 57, '6ec7ad4f71cef9327493b55d6e607aeca46b18c4236bee51', 'EMAIL_VERIFICATION');
INSERT INTO verification_tokens (created_at, expires_at, id, user_id, token_hash, type) VALUES ('2026-01-24 12:48:59+01', '2026-01-24 13:48:59+01', 16, 75, 'b72ff52440f7ae338a5cbbc29d69f0612240c771b8ed42a7', 'EMAIL_VERIFICATION');
INSERT INTO verification_tokens (created_at, expires_at, id, user_id, token_hash, type) VALUES ('2026-01-08 23:39:15+01', '2026-01-09 00:39:15+01', 17, 61, '699cf0402ea50bdad1fb8270ca43ef076ed80411946db0b8', 'EMAIL_VERIFICATION');
INSERT INTO verification_tokens (created_at, expires_at, id, user_id, token_hash, type) VALUES ('2026-05-18 11:16:37+01', '2026-05-20 11:16:37+01', 18, 25, '57487fa438e2edcf155106813649bbaaaaea159bf495fe4e', 'EMAIL_VERIFICATION');
INSERT INTO verification_tokens (created_at, expires_at, id, user_id, token_hash, type) VALUES ('2026-02-24 20:28:51+01', '2026-02-25 20:28:51+01', 19, 15, '1898b49688cb5185ea3b5d00a01ca849855de49d569a3725', 'EMAIL_VERIFICATION');
INSERT INTO verification_tokens (created_at, expires_at, id, user_id, token_hash, type) VALUES ('2026-06-03 11:30:49+01', '2026-06-03 12:30:49+01', 20, 91, 'ebf72f852f403f96c48409bec841248f89cf457396707892', 'EMAIL_VERIFICATION');
INSERT INTO verification_tokens (created_at, expires_at, id, user_id, token_hash, type) VALUES ('2026-01-02 01:30:12+01', '2026-01-04 01:30:12+01', 21, 73, '4cd5fb5620403559d4c565896185e6ed49daed74b1b94a3f', 'PASSWORD_RESET');
INSERT INTO verification_tokens (created_at, expires_at, id, user_id, token_hash, type) VALUES ('2026-02-25 04:00:12+01', '2026-02-27 04:00:12+01', 22, 27, '313a1afa5702b53f91aa1812b55815d9ae67d0ac76812150', 'EMAIL_VERIFICATION');
INSERT INTO verification_tokens (created_at, expires_at, id, user_id, token_hash, type) VALUES ('2026-04-17 01:05:01+01', '2026-04-19 01:05:01+01', 23, 33, '2c17a3049b1d054c0ed731569bcc93a16058f20a05bb8412', 'EMAIL_VERIFICATION');
INSERT INTO verification_tokens (created_at, expires_at, id, user_id, token_hash, type) VALUES ('2026-01-23 04:13:08+01', '2026-01-23 05:13:08+01', 24, 17, 'bcd4221943bade50f2a2e2e6fd1d41dc247b47c619bc4049', 'PASSWORD_RESET');
INSERT INTO verification_tokens (created_at, expires_at, id, user_id, token_hash, type) VALUES ('2026-01-12 02:30:12+01', '2026-01-13 02:30:12+01', 25, 53, 'af0d5f17d8192074d21b302566aee49f7387116732436cf5', 'PASSWORD_RESET');
INSERT INTO verification_tokens (created_at, expires_at, id, user_id, token_hash, type) VALUES ('2026-04-04 15:38:00+01', '2026-04-06 15:38:00+01', 26, 69, 'b4873d8fdd9df4e34d3665d452d12b5ed34f86f0581febb0', 'PASSWORD_RESET');
INSERT INTO verification_tokens (created_at, expires_at, id, user_id, token_hash, type) VALUES ('2026-01-13 08:16:44+01', '2026-01-14 08:16:44+01', 27, 1, '8193e3da09310bcf6a7e2e684d83af3e0d33e27c2fd67d39', 'EMAIL_VERIFICATION');
INSERT INTO verification_tokens (created_at, expires_at, id, user_id, token_hash, type) VALUES ('2026-05-14 23:39:21+01', '2026-05-15 23:39:21+01', 28, 73, '6bd0d388ea40771d701c876a6d408fa201dcb74c0dfe5808', 'EMAIL_VERIFICATION');
INSERT INTO verification_tokens (created_at, expires_at, id, user_id, token_hash, type) VALUES ('2026-06-19 03:34:12+01', '2026-06-19 04:34:12+01', 29, 87, '4b5a3fa0100fe8ecd322da0ad5c32e2ecc07c0cb7336775e', 'PASSWORD_RESET');
INSERT INTO verification_tokens (created_at, expires_at, id, user_id, token_hash, type) VALUES ('2026-06-11 20:48:07+01', '2026-06-11 21:48:07+01', 30, 55, 'a93b6e6262fc2c6fce7280c17d3f61155c3a9ce216258142', 'PASSWORD_RESET');
INSERT INTO verification_tokens (created_at, expires_at, id, user_id, token_hash, type) VALUES ('2026-02-15 17:11:38+01', '2026-02-16 17:11:38+01', 31, 97, 'c7cab97b80ea16d66136c60c88e05fdc9dc4bff887be72a9', 'PASSWORD_RESET');
INSERT INTO verification_tokens (created_at, expires_at, id, user_id, token_hash, type) VALUES ('2026-03-05 22:57:14+01', '2026-03-05 23:57:14+01', 32, 9, 'e2ab52a24f1f3fff63860242529c7f554c6d3edaac0d6803', 'EMAIL_VERIFICATION');
INSERT INTO verification_tokens (created_at, expires_at, id, user_id, token_hash, type) VALUES ('2026-06-29 05:07:36+01', '2026-06-29 06:07:36+01', 33, 1, '7e1b1981b183979e287f42473466d70e9e99a36e727d91cb', 'PASSWORD_RESET');
INSERT INTO verification_tokens (created_at, expires_at, id, user_id, token_hash, type) VALUES ('2026-05-15 08:36:43+01', '2026-05-16 08:36:43+01', 34, 53, '3ed39468a0009ffe1980d0dd6f337bb5c08865ca1ae74854', 'EMAIL_VERIFICATION');
INSERT INTO verification_tokens (created_at, expires_at, id, user_id, token_hash, type) VALUES ('2026-01-31 03:44:23+01', '2026-02-01 03:44:23+01', 35, 5, 'fa3937dc09b3327eb3e45b35a7456f2e506d9efdccb3bb1c', 'EMAIL_VERIFICATION');
INSERT INTO verification_tokens (created_at, expires_at, id, user_id, token_hash, type) VALUES ('2026-05-20 09:13:42+01', '2026-05-22 09:13:42+01', 36, 37, 'fd108445e584f0fa7607196717554967c7ceb8fac21edcaa', 'PASSWORD_RESET');
INSERT INTO verification_tokens (created_at, expires_at, id, user_id, token_hash, type) VALUES ('2026-03-04 05:42:56+01', '2026-03-06 05:42:56+01', 37, 91, 'fa172df4522893309615226af04618883df31e4ad8ee2a91', 'PASSWORD_RESET');
INSERT INTO verification_tokens (created_at, expires_at, id, user_id, token_hash, type) VALUES ('2026-03-19 22:48:23+01', '2026-03-19 23:48:23+01', 38, 1, '6e7202964e3a9d4ebd92f2d4b49ac5e4408dcb8e22b977ad', 'PASSWORD_RESET');
INSERT INTO verification_tokens (created_at, expires_at, id, user_id, token_hash, type) VALUES ('2026-01-21 19:07:19+01', '2026-01-22 19:07:19+01', 39, 23, 'f2722136fbc62ea866bbcc72184a760660c31359578621ff', 'EMAIL_VERIFICATION');
INSERT INTO verification_tokens (created_at, expires_at, id, user_id, token_hash, type) VALUES ('2026-03-24 02:00:12+01', '2026-03-24 03:00:12+01', 40, 5, '3a4ff5af1cb2631226b664d20ab949579e799f150aecbc23', 'EMAIL_VERIFICATION');
INSERT INTO verification_tokens (created_at, expires_at, id, user_id, token_hash, type) VALUES ('2026-01-21 19:08:13+01', '2026-01-22 19:08:13+01', 41, 47, '6fb33bae668b587284b08e8bf5cb9a8a60bc98dfc85b615c', 'EMAIL_VERIFICATION');
INSERT INTO verification_tokens (created_at, expires_at, id, user_id, token_hash, type) VALUES ('2026-01-02 06:54:03+01', '2026-01-04 06:54:03+01', 42, 53, '83571d0307ec903e385e3ab3553739d5ddab09ebadb50f1c', 'EMAIL_VERIFICATION');
INSERT INTO verification_tokens (created_at, expires_at, id, user_id, token_hash, type) VALUES ('2026-03-01 00:23:00+01', '2026-03-02 00:23:00+01', 43, 47, '02e47c0d49d1eaa1a8a1e08ce0a623f415e10cd8ad1d928b', 'PASSWORD_RESET');
INSERT INTO verification_tokens (created_at, expires_at, id, user_id, token_hash, type) VALUES ('2026-02-16 07:50:31+01', '2026-02-16 08:50:31+01', 44, 67, 'e465a38de6642362c12ca660f1c5505ed0733b1ddaf1dfd9', 'EMAIL_VERIFICATION');
INSERT INTO verification_tokens (created_at, expires_at, id, user_id, token_hash, type) VALUES ('2026-01-15 02:23:38+01', '2026-01-17 02:23:38+01', 45, 89, '8d7d09b491c5dbe809488b83be359d1ec6581968b2d3a586', 'EMAIL_VERIFICATION');
INSERT INTO verification_tokens (created_at, expires_at, id, user_id, token_hash, type) VALUES ('2026-05-14 16:55:04+01', '2026-05-16 16:55:04+01', 46, 3, '34d7dac7dea13a55f667057c0cac70bcb005c55828393f17', 'EMAIL_VERIFICATION');
INSERT INTO verification_tokens (created_at, expires_at, id, user_id, token_hash, type) VALUES ('2026-03-19 00:36:27+01', '2026-03-21 00:36:27+01', 47, 57, '71f3867de61b36ca52720457ac86da72b2b2be27a17c65bc', 'PASSWORD_RESET');
INSERT INTO verification_tokens (created_at, expires_at, id, user_id, token_hash, type) VALUES ('2026-03-18 12:38:03+01', '2026-03-20 12:38:03+01', 48, 9, '25fce7a666575bc54b516184a49acf0b846eb733118bc626', 'PASSWORD_RESET');
INSERT INTO verification_tokens (created_at, expires_at, id, user_id, token_hash, type) VALUES ('2026-03-26 23:09:49+01', '2026-03-28 23:09:49+01', 49, 49, '0a3aedfff2203dcedf4f760a54ad07236a3498cbeab07b22', 'EMAIL_VERIFICATION');
INSERT INTO verification_tokens (created_at, expires_at, id, user_id, token_hash, type) VALUES ('2026-04-24 06:00:20+01', '2026-04-25 06:00:20+01', 50, 33, '94218dd5d40d4c045244eea86c570b9e1a094c9fe7c65f2c', 'EMAIL_VERIFICATION');

-- =========================================================
-- GDPR_DELETION_REQUESTS
-- =========================================================
INSERT INTO gdpr_deletion_requests (id, processed_at, requested_at, user_id, reason, status) VALUES (1, NULL, '2026-01-05 12:46:48+01', 93, 'Non-utilisation prolongee', 'IN_PROGRESS');
INSERT INTO gdpr_deletion_requests (id, processed_at, requested_at, user_id, reason, status) VALUES (2, '2026-06-13 17:24:03+01', '2026-02-25 21:05:02+01', 49, 'Demande de suppression de compte', 'CANCELED');
INSERT INTO gdpr_deletion_requests (id, processed_at, requested_at, user_id, reason, status) VALUES (3, NULL, '2026-02-11 02:27:11+01', 99, 'Raisons personnelles', 'IN_PROGRESS');
INSERT INTO gdpr_deletion_requests (id, processed_at, requested_at, user_id, reason, status) VALUES (4, '2026-05-23 06:32:32+01', '2026-04-11 16:58:59+01', 31, 'Raisons personnelles', 'COMPLETED');
INSERT INTO gdpr_deletion_requests (id, processed_at, requested_at, user_id, reason, status) VALUES (5, NULL, '2026-05-12 06:50:34+01', 43, 'Non-utilisation prolongee', 'IN_PROGRESS');
INSERT INTO gdpr_deletion_requests (id, processed_at, requested_at, user_id, reason, status) VALUES (6, NULL, '2026-05-31 11:09:20+01', 79, 'Raisons personnelles', 'IN_PROGRESS');
INSERT INTO gdpr_deletion_requests (id, processed_at, requested_at, user_id, reason, status) VALUES (7, '2026-03-01 23:57:56+01', '2026-02-22 14:57:50+01', 5, 'Raisons personnelles', 'COMPLETED');
INSERT INTO gdpr_deletion_requests (id, processed_at, requested_at, user_id, reason, status) VALUES (8, NULL, '2026-02-07 06:29:59+01', 31, 'Souhaite quitter la plateforme', 'IN_PROGRESS');
INSERT INTO gdpr_deletion_requests (id, processed_at, requested_at, user_id, reason, status) VALUES (9, NULL, '2026-05-30 01:17:51+01', 97, 'Raisons personnelles', 'IN_PROGRESS');
INSERT INTO gdpr_deletion_requests (id, processed_at, requested_at, user_id, reason, status) VALUES (10, '2026-03-14 07:25:16+01', '2026-02-27 04:53:59+01', 75, 'Souhaite quitter la plateforme', 'COMPLETED');
INSERT INTO gdpr_deletion_requests (id, processed_at, requested_at, user_id, reason, status) VALUES (11, NULL, '2026-05-26 19:22:00+01', 19, 'Demande de suppression de compte', 'IN_PROGRESS');
INSERT INTO gdpr_deletion_requests (id, processed_at, requested_at, user_id, reason, status) VALUES (12, '2026-05-23 07:07:47+01', '2026-04-19 14:34:21+01', 91, 'Demande de suppression de compte', 'COMPLETED');
INSERT INTO gdpr_deletion_requests (id, processed_at, requested_at, user_id, reason, status) VALUES (13, NULL, '2026-01-10 01:22:01+01', 69, 'Souhaite quitter la plateforme', 'IN_PROGRESS');
INSERT INTO gdpr_deletion_requests (id, processed_at, requested_at, user_id, reason, status) VALUES (14, '2026-02-19 07:18:35+01', '2026-01-17 20:01:32+01', 75, 'Souhaite quitter la plateforme', 'COMPLETED');
INSERT INTO gdpr_deletion_requests (id, processed_at, requested_at, user_id, reason, status) VALUES (15, '2026-06-30 18:33:56+01', '2026-03-15 10:26:10+01', 17, 'Demande de suppression de compte', 'CANCELED');
INSERT INTO gdpr_deletion_requests (id, processed_at, requested_at, user_id, reason, status) VALUES (16, '2026-06-06 15:22:51+01', '2026-06-04 15:03:07+01', 53, 'Demande de suppression de compte', 'COMPLETED');
INSERT INTO gdpr_deletion_requests (id, processed_at, requested_at, user_id, reason, status) VALUES (17, '2026-05-26 13:42:59+01', '2026-04-21 18:38:35+01', 97, 'Raisons personnelles', 'COMPLETED');
INSERT INTO gdpr_deletion_requests (id, processed_at, requested_at, user_id, reason, status) VALUES (18, '2026-06-07 16:58:02+01', '2026-01-18 12:52:24+01', 49, 'Demande de suppression de compte', 'COMPLETED');
INSERT INTO gdpr_deletion_requests (id, processed_at, requested_at, user_id, reason, status) VALUES (19, NULL, '2026-06-14 20:39:54+01', 1, 'Demande de suppression de compte', 'IN_PROGRESS');
INSERT INTO gdpr_deletion_requests (id, processed_at, requested_at, user_id, reason, status) VALUES (20, '2026-06-14 07:04:35+01', '2026-04-17 02:56:35+01', 3, 'Demande de suppression de compte', 'CANCELED');
INSERT INTO gdpr_deletion_requests (id, processed_at, requested_at, user_id, reason, status) VALUES (21, '2026-04-16 21:13:27+01', '2026-01-24 10:05:35+01', 71, 'Demande de suppression de compte', 'COMPLETED');
INSERT INTO gdpr_deletion_requests (id, processed_at, requested_at, user_id, reason, status) VALUES (22, '2026-06-01 03:38:22+01', '2026-05-05 14:08:04+01', 31, 'Non-utilisation prolongee', 'CANCELED');
INSERT INTO gdpr_deletion_requests (id, processed_at, requested_at, user_id, reason, status) VALUES (23, '2026-05-18 19:32:58+01', '2026-05-12 23:09:33+01', 33, 'Non-utilisation prolongee', 'COMPLETED');
INSERT INTO gdpr_deletion_requests (id, processed_at, requested_at, user_id, reason, status) VALUES (24, '2026-06-14 03:01:16+01', '2026-06-09 14:02:32+01', 1, 'Raisons personnelles', 'COMPLETED');
INSERT INTO gdpr_deletion_requests (id, processed_at, requested_at, user_id, reason, status) VALUES (25, NULL, '2026-05-24 07:18:05+01', 79, 'Demande de suppression de compte', 'IN_PROGRESS');
INSERT INTO gdpr_deletion_requests (id, processed_at, requested_at, user_id, reason, status) VALUES (26, NULL, '2026-02-26 12:14:20+01', 9, 'Demande de suppression de compte', 'IN_PROGRESS');
INSERT INTO gdpr_deletion_requests (id, processed_at, requested_at, user_id, reason, status) VALUES (27, '2026-05-15 09:36:30+01', '2026-04-26 17:23:51+01', 67, 'Raisons personnelles', 'COMPLETED');
INSERT INTO gdpr_deletion_requests (id, processed_at, requested_at, user_id, reason, status) VALUES (28, '2026-04-19 07:40:22+01', '2026-02-12 02:12:21+01', 29, 'Demande de suppression de compte', 'COMPLETED');
INSERT INTO gdpr_deletion_requests (id, processed_at, requested_at, user_id, reason, status) VALUES (29, '2026-02-25 17:23:48+01', '2026-01-26 11:25:12+01', 75, 'Souhaite quitter la plateforme', 'CANCELED');
INSERT INTO gdpr_deletion_requests (id, processed_at, requested_at, user_id, reason, status) VALUES (30, '2026-05-01 07:41:47+01', '2026-04-20 19:39:14+01', 27, 'Souhaite quitter la plateforme', 'COMPLETED');
INSERT INTO gdpr_deletion_requests (id, processed_at, requested_at, user_id, reason, status) VALUES (31, '2026-04-15 17:00:24+01', '2026-02-19 23:23:06+01', 57, 'Demande de suppression de compte', 'CANCELED');
INSERT INTO gdpr_deletion_requests (id, processed_at, requested_at, user_id, reason, status) VALUES (32, '2026-06-27 19:08:18+01', '2026-06-18 21:07:32+01', 33, 'Raisons personnelles', 'COMPLETED');
INSERT INTO gdpr_deletion_requests (id, processed_at, requested_at, user_id, reason, status) VALUES (33, '2026-06-25 16:32:40+01', '2026-04-05 03:15:17+01', 17, 'Demande de suppression de compte', 'CANCELED');
INSERT INTO gdpr_deletion_requests (id, processed_at, requested_at, user_id, reason, status) VALUES (34, '2026-05-10 23:39:04+01', '2026-04-25 03:13:49+01', 47, 'Non-utilisation prolongee', 'CANCELED');
INSERT INTO gdpr_deletion_requests (id, processed_at, requested_at, user_id, reason, status) VALUES (35, '2026-03-25 15:25:10+01', '2026-03-20 22:01:41+01', 55, 'Demande de suppression de compte', 'COMPLETED');
INSERT INTO gdpr_deletion_requests (id, processed_at, requested_at, user_id, reason, status) VALUES (36, '2026-06-20 18:35:30+01', '2026-05-16 01:09:27+01', 15, 'Demande de suppression de compte', 'CANCELED');
INSERT INTO gdpr_deletion_requests (id, processed_at, requested_at, user_id, reason, status) VALUES (37, NULL, '2026-06-20 16:44:57+01', 5, 'Souhaite quitter la plateforme', 'IN_PROGRESS');
INSERT INTO gdpr_deletion_requests (id, processed_at, requested_at, user_id, reason, status) VALUES (38, '2026-03-22 13:21:15+01', '2026-03-12 20:02:05+01', 47, 'Demande de suppression de compte', 'COMPLETED');
INSERT INTO gdpr_deletion_requests (id, processed_at, requested_at, user_id, reason, status) VALUES (39, '2026-02-09 05:27:21+01', '2026-01-29 03:05:33+01', 49, 'Souhaite quitter la plateforme', 'CANCELED');
INSERT INTO gdpr_deletion_requests (id, processed_at, requested_at, user_id, reason, status) VALUES (40, NULL, '2026-06-22 07:28:19+01', 13, 'Raisons personnelles', 'IN_PROGRESS');
INSERT INTO gdpr_deletion_requests (id, processed_at, requested_at, user_id, reason, status) VALUES (41, '2026-05-04 17:58:49+01', '2026-03-06 13:18:19+01', 43, 'Souhaite quitter la plateforme', 'CANCELED');
INSERT INTO gdpr_deletion_requests (id, processed_at, requested_at, user_id, reason, status) VALUES (42, '2026-06-01 23:20:11+01', '2026-04-14 14:05:01+01', 55, 'Non-utilisation prolongee', 'CANCELED');
INSERT INTO gdpr_deletion_requests (id, processed_at, requested_at, user_id, reason, status) VALUES (43, '2026-06-26 15:50:09+01', '2026-05-19 01:32:28+01', 55, 'Souhaite quitter la plateforme', 'COMPLETED');
INSERT INTO gdpr_deletion_requests (id, processed_at, requested_at, user_id, reason, status) VALUES (44, '2026-06-23 05:09:04+01', '2026-05-31 09:35:17+01', 67, 'Demande de suppression de compte', 'CANCELED');
INSERT INTO gdpr_deletion_requests (id, processed_at, requested_at, user_id, reason, status) VALUES (45, '2026-02-14 17:03:33+01', '2026-02-14 00:46:39+01', 15, 'Non-utilisation prolongee', 'COMPLETED');
INSERT INTO gdpr_deletion_requests (id, processed_at, requested_at, user_id, reason, status) VALUES (46, '2026-03-11 21:37:48+01', '2026-02-05 08:42:27+01', 99, 'Souhaite quitter la plateforme', 'CANCELED');
INSERT INTO gdpr_deletion_requests (id, processed_at, requested_at, user_id, reason, status) VALUES (47, NULL, '2026-01-09 15:47:39+01', 53, 'Raisons personnelles', 'IN_PROGRESS');
INSERT INTO gdpr_deletion_requests (id, processed_at, requested_at, user_id, reason, status) VALUES (48, NULL, '2026-05-11 23:44:59+01', 79, 'Demande de suppression de compte', 'IN_PROGRESS');
INSERT INTO gdpr_deletion_requests (id, processed_at, requested_at, user_id, reason, status) VALUES (49, '2026-05-27 01:32:00+01', '2026-03-09 05:16:41+01', 85, 'Demande de suppression de compte', 'COMPLETED');
INSERT INTO gdpr_deletion_requests (id, processed_at, requested_at, user_id, reason, status) VALUES (50, '2026-05-14 00:51:52+01', '2026-03-08 19:13:40+01', 65, 'Demande de suppression de compte', 'COMPLETED');

-- =========================================================
-- Align sequences with inserted max ids
-- =========================================================
SELECT setval('appointment_seq', 50, true);
SELECT setval('audit_log_seq', 50, true);
SELECT setval('center_admin_profile_seq', 50, true);
SELECT setval('center_seq', 50, true);
SELECT setval('center_staff_profile_seq', 50, true);
SELECT setval('donation_certificate_seq', 50, true);
SELECT setval('donor_profile_seq', 100, true);
SELECT setval('donor_response_seq', 50, true);
SELECT setval('emergency_request_seq', 50, true);
SELECT setval('gdpr_deletion_request_seq', 50, true);
SELECT setval('health_questionnaire_seq', 50, true);
SELECT setval('health_screening_seq', 50, true);
SELECT setval('match_result_seq', 50, true);
SELECT setval('session_seq', 50, true);
SELECT setval('slot_seq', 50, true);
SELECT setval('user_role_seq', 50, true);
SELECT setval('user_seq', 99, true);
SELECT setval('verification_token_seq', 50, true);


-- =========================================================
-- EMERGENCY_REQUESTS (today, 2026-07-16)
-- =========================================================
INSERT INTO emergency_requests (escalation_level, match_radius, units_needed, center_id, created_at, created_by_staff_id, expires_at, id, resolved_at, resolved_by_user_id, updated_at, blood_type, contact_phone, status, urgency) VALUES (0, 10, 3, 21, '2026-07-16 11:03:00+01', 17, '2026-07-16 19:00:00+01', 51, NULL, NULL, '2026-07-16 11:03:00+01', 'A_POSITIVE', '+21650830166', 'OPEN', 'CRITICAL');
INSERT INTO emergency_requests (escalation_level, match_radius, units_needed, center_id, created_at, created_by_staff_id, expires_at, id, resolved_at, resolved_by_user_id, updated_at, blood_type, contact_phone, status, urgency) VALUES (1, 10, 5, 5, '2026-07-16 13:39:00+01', 17, '2026-07-16 19:00:00+01', 52, NULL, NULL, '2026-07-16 13:39:00+01', 'UNKNOWN', '+21623909960', 'OPEN', 'CRITICAL');
INSERT INTO emergency_requests (escalation_level, match_radius, units_needed, center_id, created_at, created_by_staff_id, expires_at, id, resolved_at, resolved_by_user_id, updated_at, blood_type, contact_phone, status, urgency) VALUES (1, 25, 2, 15, '2026-07-16 09:40:00+01', 13, '2026-07-16 19:00:00+01', 53, NULL, NULL, '2026-07-16 09:40:00+01', 'B_POSITIVE', '+21651948219', 'OPEN', 'CRITICAL');
INSERT INTO emergency_requests (escalation_level, match_radius, units_needed, center_id, created_at, created_by_staff_id, expires_at, id, resolved_at, resolved_by_user_id, updated_at, blood_type, contact_phone, status, urgency) VALUES (2, 10, 5, 37, '2026-07-16 11:15:00+01', 17, '2026-07-17 11:15:00+01', 54, NULL, NULL, '2026-07-16 11:15:00+01', 'A_NEGATIVE', '+21627865797', 'OPEN', 'MEDIUM');
INSERT INTO emergency_requests (escalation_level, match_radius, units_needed, center_id, created_at, created_by_staff_id, expires_at, id, resolved_at, resolved_by_user_id, updated_at, blood_type, contact_phone, status, urgency) VALUES (0, 20, 5, 24, '2026-07-16 12:18:00+01', 21, '2026-07-18 00:18:00+01', 55, NULL, NULL, '2026-07-16 12:18:00+01', 'B_NEGATIVE', '+21695749118', 'OPEN', 'MEDIUM');
INSERT INTO emergency_requests (escalation_level, match_radius, units_needed, center_id, created_at, created_by_staff_id, expires_at, id, resolved_at, resolved_by_user_id, updated_at, blood_type, contact_phone, status, urgency) VALUES (0, 10, 5, 27, '2026-07-16 11:30:00+01', 17, '2026-07-17 23:30:00+01', 56, NULL, NULL, '2026-07-16 11:30:00+01', 'O_POSITIVE', '+21655559797', 'OPEN', 'HIGH');
INSERT INTO emergency_requests (escalation_level, match_radius, units_needed, center_id, created_at, created_by_staff_id, expires_at, id, resolved_at, resolved_by_user_id, updated_at, blood_type, contact_phone, status, urgency) VALUES (0, 20, 6, 5, '2026-07-16 12:07:00+01', 13, '2026-07-19 12:07:00+01', 57, NULL, NULL, '2026-07-16 12:07:00+01', 'A_NEGATIVE', '+21657465075', 'OPEN', 'MEDIUM');
INSERT INTO emergency_requests (escalation_level, match_radius, units_needed, center_id, created_at, created_by_staff_id, expires_at, id, resolved_at, resolved_by_user_id, updated_at, blood_type, contact_phone, status, urgency) VALUES (1, 15, 6, 11, '2026-07-16 13:26:00+01', 29, '2026-07-19 13:26:00+01', 58, NULL, NULL, '2026-07-16 13:26:00+01', 'B_NEGATIVE', '+21626671276', 'OPEN', 'CRITICAL');
INSERT INTO emergency_requests (escalation_level, match_radius, units_needed, center_id, created_at, created_by_staff_id, expires_at, id, resolved_at, resolved_by_user_id, updated_at, blood_type, contact_phone, status, urgency) VALUES (2, 25, 3, 36, '2026-07-16 13:15:00+01', 21, '2026-07-19 13:15:00+01', 59, NULL, NULL, '2026-07-16 13:15:00+01', 'AB_POSITIVE', '+21656321223', 'OPEN', 'MEDIUM');

-- =========================================================
-- NOTIFICATIONS for emergencies (EMERGENCY_ALERT)
-- Only DONOR-role users receive emergency notifications
-- =========================================================
INSERT INTO notifications (appointment_id, body, channels, correlation_id, created_at, data, email, emergency_id, read_at, sent_at, status, title, type, user_id) VALUES (NULL, 'Un don de sang A POSITIVE est necessaire d''urgence. Merci de repondre si vous etes disponible.', 'IN_APP,EMAIL', 'corr_13ea0f395234a867600b4abd', '2026-07-16 11:05:00+01', '{"urgency":"CRITICAL","blood_type":"A_POSITIVE"}'::jsonb, 'amira.ouali759@gnet.tn', 51, NULL, '2026-07-16 11:05:05+01', 'SENT', 'Urgence sang A POSITIVE - Critical', 'EMERGENCY_ALERT', 1);
INSERT INTO notifications (appointment_id, body, channels, correlation_id, created_at, data, email, emergency_id, read_at, sent_at, status, title, type, user_id) VALUES (NULL, 'Un don de sang UNKNOWN est necessaire d''urgence. Merci de repondre si vous etes disponible.', 'IN_APP,EMAIL', 'corr_faacbfa73ceffb7911bbfe7c', '2026-07-16 13:41:00+01', '{"urgency":"CRITICAL","blood_type":"UNKNOWN"}'::jsonb, 'amira.ouali759@gnet.tn', 52, NULL, '2026-07-16 13:41:12+01', 'SENT', 'Urgence sang UNKNOWN - Critical', 'EMERGENCY_ALERT', 1);
INSERT INTO notifications (appointment_id, body, channels, correlation_id, created_at, data, email, emergency_id, read_at, sent_at, status, title, type, user_id) VALUES (NULL, 'Un don de sang B POSITIVE est necessaire d''urgence. Merci de repondre si vous etes disponible.', 'IN_APP,EMAIL', 'corr_92c2a2975efc626fd697675d', '2026-07-16 09:41:00+01', '{"urgency":"CRITICAL","blood_type":"B_POSITIVE"}'::jsonb, 'amira.ouali759@gnet.tn', 53, NULL, '2026-07-16 09:41:18+01', 'SENT', 'Urgence sang B POSITIVE - Critical', 'EMERGENCY_ALERT', 1);
INSERT INTO notifications (appointment_id, body, channels, correlation_id, created_at, data, email, emergency_id, read_at, sent_at, status, title, type, user_id) VALUES (NULL, 'Un don de sang A NEGATIVE est necessaire d''urgence. Merci de repondre si vous etes disponible.', 'IN_APP,EMAIL', 'corr_faaee591899fdddd387146b4', '2026-07-16 11:20:00+01', '{"urgency":"MEDIUM","blood_type":"A_NEGATIVE"}'::jsonb, 'omar.yahyaoui125@topnet.tn', 54, NULL, '2026-07-16 11:20:36+01', 'SENT', 'Urgence sang A NEGATIVE - Medium', 'EMERGENCY_ALERT', 17);
INSERT INTO notifications (appointment_id, body, channels, correlation_id, created_at, data, email, emergency_id, read_at, sent_at, status, title, type, user_id) VALUES (NULL, 'Un don de sang B NEGATIVE est necessaire d''urgence. Merci de repondre si vous etes disponible.', 'IN_APP,EMAIL', 'corr_5d804b9515bc9a3143318c2a', '2026-07-16 12:22:00+01', '{"urgency":"MEDIUM","blood_type":"B_NEGATIVE"}'::jsonb, 'mohamed.nasri411@topnet.tn', 55, NULL, '2026-07-16 12:22:55+01', 'SENT', 'Urgence sang B NEGATIVE - Medium', 'EMERGENCY_ALERT', 25);
INSERT INTO notifications (appointment_id, body, channels, correlation_id, created_at, data, email, emergency_id, read_at, sent_at, status, title, type, user_id) VALUES (NULL, 'Un don de sang O POSITIVE est necessaire d''urgence. Merci de repondre si vous etes disponible.', 'IN_APP,EMAIL', 'corr_5c9d7ad26f27a5847278cc27', '2026-07-16 11:31:00+01', '{"urgency":"HIGH","blood_type":"O_POSITIVE"}'::jsonb, 'amine.sassi450@gmail.com', 56, NULL, '2026-07-16 11:31:38+01', 'SENT', 'Urgence sang O POSITIVE - High', 'EMERGENCY_ALERT', 27);
INSERT INTO notifications (appointment_id, body, channels, correlation_id, created_at, data, email, emergency_id, read_at, sent_at, status, title, type, user_id) VALUES (NULL, 'Un don de sang A NEGATIVE est necessaire d''urgence. Merci de repondre si vous etes disponible.', 'IN_APP,EMAIL', 'corr_a6c152f226b2de6226813225', '2026-07-16 12:09:00+01', '{"urgency":"MEDIUM","blood_type":"A_NEGATIVE"}'::jsonb, 'chedi.gharbi641@topnet.tn', 57, NULL, '2026-07-16 12:09:43+01', 'SENT', 'Urgence sang A NEGATIVE - Medium', 'EMERGENCY_ALERT', 29);
INSERT INTO notifications (appointment_id, body, channels, correlation_id, created_at, data, email, emergency_id, read_at, sent_at, status, title, type, user_id) VALUES (NULL, 'Un don de sang B NEGATIVE est necessaire d''urgence. Merci de repondre si vous etes disponible.', 'IN_APP,EMAIL', 'corr_219589e297cb1bdb468c54c8', '2026-07-16 13:30:00+01', '{"urgency":"CRITICAL","blood_type":"B_NEGATIVE"}'::jsonb, 'omar.yahyaoui125@topnet.tn', 58, NULL, '2026-07-16 13:30:37+01', 'SENT', 'Urgence sang B NEGATIVE - Critical', 'EMERGENCY_ALERT', 17);
INSERT INTO notifications (appointment_id, body, channels, correlation_id, created_at, data, email, emergency_id, read_at, sent_at, status, title, type, user_id) VALUES (NULL, 'Un don de sang AB POSITIVE est necessaire d''urgence. Merci de repondre si vous etes disponible.', 'IN_APP,EMAIL', 'corr_5b8c4d5900fbff1502e9b8d8', '2026-07-16 13:19:00+01', '{"urgency":"MEDIUM","blood_type":"AB_POSITIVE"}'::jsonb, 'mohamed.nasri411@topnet.tn', 59, NULL, '2026-07-16 13:19:19+01', 'SENT', 'Urgence sang AB POSITIVE - Medium', 'EMERGENCY_ALERT', 25);

-- =========================================================
-- SLOTS (today, 2026-07-16) supporting the new appointments
-- =========================================================
INSERT INTO slots (booked_count, date, end_time, is_blocked, max_bookings, max_regular_bookings, regular_booked_count, start_time, center_id, created_at, id) VALUES (3, '2026-07-16', '13:30:00', FALSE, 65, 5, 3, '12:30:00', 6, '2026-07-16 07:00:00+01', 51);
INSERT INTO slots (booked_count, date, end_time, is_blocked, max_bookings, max_regular_bookings, regular_booked_count, start_time, center_id, created_at, id) VALUES (3, '2026-07-16', '11:45:00', FALSE, 20, 15, 3, '10:45:00', 49, '2026-07-16 07:00:00+01', 52);
INSERT INTO slots (booked_count, date, end_time, is_blocked, max_bookings, max_regular_bookings, regular_booked_count, start_time, center_id, created_at, id) VALUES (5, '2026-07-16', '17:45:00', FALSE, 36, 5, 4, '16:45:00', 35, '2026-07-16 07:00:00+01', 53);
INSERT INTO slots (booked_count, date, end_time, is_blocked, max_bookings, max_regular_bookings, regular_booked_count, start_time, center_id, created_at, id) VALUES (1, '2026-07-16', '11:45:00', FALSE, 51, 25, 1, '10:45:00', 4, '2026-07-16 07:00:00+01', 54);
INSERT INTO slots (booked_count, date, end_time, is_blocked, max_bookings, max_regular_bookings, regular_booked_count, start_time, center_id, created_at, id) VALUES (7, '2026-07-16', '10:30:00', FALSE, 97, 17, 7, '09:30:00', 41, '2026-07-16 07:00:00+01', 55);
INSERT INTO slots (booked_count, date, end_time, is_blocked, max_bookings, max_regular_bookings, regular_booked_count, start_time, center_id, created_at, id) VALUES (1, '2026-07-16', '10:30:00', FALSE, 93, 6, 1, '09:30:00', 15, '2026-07-16 07:00:00+01', 56);
INSERT INTO slots (booked_count, date, end_time, is_blocked, max_bookings, max_regular_bookings, regular_booked_count, start_time, center_id, created_at, id) VALUES (3, '2026-07-16', '17:45:00', FALSE, 55, 27, 3, '16:45:00', 22, '2026-07-16 07:00:00+01', 57);
INSERT INTO slots (booked_count, date, end_time, is_blocked, max_bookings, max_regular_bookings, regular_booked_count, start_time, center_id, created_at, id) VALUES (5, '2026-07-16', '17:15:00', FALSE, 74, 5, 4, '16:15:00', 3, '2026-07-16 07:00:00+01', 58);
INSERT INTO slots (booked_count, date, end_time, is_blocked, max_bookings, max_regular_bookings, regular_booked_count, start_time, center_id, created_at, id) VALUES (5, '2026-07-16', '11:15:00', FALSE, 51, 25, 5, '10:15:00', 4, '2026-07-16 07:00:00+01', 59);
INSERT INTO slots (booked_count, date, end_time, is_blocked, max_bookings, max_regular_bookings, regular_booked_count, start_time, center_id, created_at, id) VALUES (6, '2026-07-16', '12:30:00', FALSE, 34, 15, 6, '11:30:00', 34, '2026-07-16 07:00:00+01', 60);

-- =========================================================
-- APPOINTMENTS (today, 2026-07-16)
-- =========================================================
INSERT INTO appointments (ml_collected, cancelled_at, center_id, checked_in_at, completed_at, completed_by_staff_id, created_at, donor_id, emergency_id, id, slot_id, started_at, updated_at, user_id, appointment_type, blood_type, cancellation_reason, notes, outcome, qr_code, status) VALUES (NULL, NULL, 6, NULL, NULL, NULL, '2026-07-16 11:30:00+01', 30, NULL, 51, 51, NULL, '2026-07-16 11:30:00+01', 1, 'REGULAR', 'AB_NEGATIVE', NULL, NULL, NULL, 'QR-00051-1297', 'SCHEDULED');
INSERT INTO appointments (ml_collected, cancelled_at, center_id, checked_in_at, completed_at, completed_by_staff_id, created_at, donor_id, emergency_id, id, slot_id, started_at, updated_at, user_id, appointment_type, blood_type, cancellation_reason, notes, outcome, qr_code, status) VALUES (NULL, NULL, 49, NULL, NULL, NULL, '2026-07-16 11:30:00+01', 50, NULL, 52, 52, NULL, '2026-07-16 11:30:00+01', 3, 'REGULAR', 'A_POSITIVE', NULL, NULL, NULL, 'QR-00052-1251', 'SCHEDULED');
INSERT INTO appointments (ml_collected, cancelled_at, center_id, checked_in_at, completed_at, completed_by_staff_id, created_at, donor_id, emergency_id, id, slot_id, started_at, updated_at, user_id, appointment_type, blood_type, cancellation_reason, notes, outcome, qr_code, status) VALUES (NULL, NULL, 35, NULL, NULL, NULL, '2026-07-16 13:30:00+01', 20, NULL, 53, 53, NULL, '2026-07-16 13:30:00+01', 13, 'REGULAR', 'UNKNOWN', NULL, NULL, NULL, 'QR-00053-4104', 'SCHEDULED');
INSERT INTO appointments (ml_collected, cancelled_at, center_id, checked_in_at, completed_at, completed_by_staff_id, created_at, donor_id, emergency_id, id, slot_id, started_at, updated_at, user_id, appointment_type, blood_type, cancellation_reason, notes, outcome, qr_code, status) VALUES (NULL, NULL, 4, NULL, NULL, NULL, '2026-07-16 09:30:00+01', 24, NULL, 54, 54, NULL, '2026-07-16 09:30:00+01', 15, 'REGULAR', 'O_NEGATIVE', NULL, NULL, NULL, 'QR-00054-5025', 'SCHEDULED');
INSERT INTO appointments (ml_collected, cancelled_at, center_id, checked_in_at, completed_at, completed_by_staff_id, created_at, donor_id, emergency_id, id, slot_id, started_at, updated_at, user_id, appointment_type, blood_type, cancellation_reason, notes, outcome, qr_code, status) VALUES (NULL, NULL, 41, NULL, NULL, NULL, '2026-07-16 10:30:00+01', 70, NULL, 55, 55, NULL, '2026-07-16 10:30:00+01', 17, 'REGULAR', 'A_NEGATIVE', NULL, NULL, NULL, 'QR-00055-8080', 'SCHEDULED');
INSERT INTO appointments (ml_collected, cancelled_at, center_id, checked_in_at, completed_at, completed_by_staff_id, created_at, donor_id, emergency_id, id, slot_id, started_at, updated_at, user_id, appointment_type, blood_type, cancellation_reason, notes, outcome, qr_code, status) VALUES (NULL, NULL, 15, NULL, NULL, NULL, '2026-07-16 08:30:00+01', 12, NULL, 56, 56, NULL, '2026-07-16 08:30:00+01', 21, 'REGULAR', 'O_NEGATIVE', NULL, NULL, NULL, 'QR-00056-9944', 'SCHEDULED');
INSERT INTO appointments (ml_collected, cancelled_at, center_id, checked_in_at, completed_at, completed_by_staff_id, created_at, donor_id, emergency_id, id, slot_id, started_at, updated_at, user_id, appointment_type, blood_type, cancellation_reason, notes, outcome, qr_code, status) VALUES (NULL, NULL, 22, NULL, NULL, NULL, '2026-07-16 10:30:00+01', 42, NULL, 57, 57, NULL, '2026-07-16 10:30:00+01', 23, 'REGULAR', 'UNKNOWN', NULL, NULL, NULL, 'QR-00057-6042', 'SCHEDULED');
INSERT INTO appointments (ml_collected, cancelled_at, center_id, checked_in_at, completed_at, completed_by_staff_id, created_at, donor_id, emergency_id, id, slot_id, started_at, updated_at, user_id, appointment_type, blood_type, cancellation_reason, notes, outcome, qr_code, status) VALUES (NULL, NULL, 3, NULL, NULL, NULL, '2026-07-16 08:30:00+01', 44, NULL, 58, 58, NULL, '2026-07-16 08:30:00+01', 25, 'REGULAR', 'B_NEGATIVE', NULL, NULL, NULL, 'QR-00058-4761', 'SCHEDULED');
INSERT INTO appointments (ml_collected, cancelled_at, center_id, checked_in_at, completed_at, completed_by_staff_id, created_at, donor_id, emergency_id, id, slot_id, started_at, updated_at, user_id, appointment_type, blood_type, cancellation_reason, notes, outcome, qr_code, status) VALUES (NULL, NULL, 4, NULL, NULL, NULL, '2026-07-16 11:30:00+01', 58, NULL, 59, 59, NULL, '2026-07-16 11:30:00+01', 27, 'REGULAR', 'B_NEGATIVE', NULL, NULL, NULL, 'QR-00059-3289', 'SCHEDULED');
INSERT INTO appointments (ml_collected, cancelled_at, center_id, checked_in_at, completed_at, completed_by_staff_id, created_at, donor_id, emergency_id, id, slot_id, started_at, updated_at, user_id, appointment_type, blood_type, cancellation_reason, notes, outcome, qr_code, status) VALUES (NULL, NULL, 34, NULL, NULL, NULL, '2026-07-16 10:30:00+01', 26, NULL, 60, 60, NULL, '2026-07-16 10:30:00+01', 29, 'REGULAR', 'AB_NEGATIVE', NULL, NULL, NULL, 'QR-00060-1891', 'SCHEDULED');

-- =========================================================
-- NOTIFICATIONS for appointments (APPOINTMENT_REMINDER)
-- =========================================================
INSERT INTO notifications (appointment_id, body, channels, correlation_id, created_at, data, email, emergency_id, read_at, sent_at, status, title, type, user_id) VALUES (51, 'Rappel: vous avez rendez-vous aujourd''hui (16/07/2026) au centre de don. Merci d''arriver 10 minutes en avance.', 'IN_APP,EMAIL', 'corr_b5ecb774ede1c1e992d9efa0', '2026-07-16 14:04:00+01', '{"appointment_id":51}'::jsonb, 'amira.ouali759@gnet.tn', NULL, NULL, '2026-07-16 14:04:05+01', 'SENT', 'Rappel de rendez-vous', 'APPOINTMENT_REMINDER', 1);
INSERT INTO notifications (appointment_id, body, channels, correlation_id, created_at, data, email, emergency_id, read_at, sent_at, status, title, type, user_id) VALUES (52, 'Rappel: vous avez rendez-vous aujourd''hui (16/07/2026) au centre de don. Merci d''arriver 10 minutes en avance.', 'IN_APP,EMAIL', 'corr_2d2aeb0aaed3264580f9c54a', '2026-07-16 13:20:00+01', '{"appointment_id":52}'::jsonb, 'seifeddine.jlassi168@topnet.tn', NULL, NULL, '2026-07-16 13:20:22+01', 'SENT', 'Rappel de rendez-vous', 'APPOINTMENT_REMINDER', 3);
INSERT INTO notifications (appointment_id, body, channels, correlation_id, created_at, data, email, emergency_id, read_at, sent_at, status, title, type, user_id) VALUES (53, 'Rappel: vous avez rendez-vous aujourd''hui (16/07/2026) au centre de don. Merci d''arriver 10 minutes en avance.', 'IN_APP,EMAIL', 'corr_0528637a46594ba4901aa2de', '2026-07-16 13:15:00+01', '{"appointment_id":53}'::jsonb, 'nadia.trabelsi422@yahoo.fr', NULL, NULL, '2026-07-16 13:15:45+01', 'SENT', 'Rappel de rendez-vous', 'APPOINTMENT_REMINDER', 13);
INSERT INTO notifications (appointment_id, body, channels, correlation_id, created_at, data, email, emergency_id, read_at, sent_at, status, title, type, user_id) VALUES (54, 'Rappel: vous avez rendez-vous aujourd''hui (16/07/2026) au centre de don. Merci d''arriver 10 minutes en avance.', 'IN_APP,EMAIL', 'corr_b88b25167d6d417b8ea4d3f4', '2026-07-16 13:22:00+01', '{"appointment_id":54}'::jsonb, 'zied.chaabane419@outlook.com', NULL, NULL, '2026-07-16 13:22:56+01', 'SENT', 'Rappel de rendez-vous', 'APPOINTMENT_REMINDER', 15);
INSERT INTO notifications (appointment_id, body, channels, correlation_id, created_at, data, email, emergency_id, read_at, sent_at, status, title, type, user_id) VALUES (55, 'Rappel: vous avez rendez-vous aujourd''hui (16/07/2026) au centre de don. Merci d''arriver 10 minutes en avance.', 'IN_APP,EMAIL', 'corr_3aae454e211b8d98a1791ed9', '2026-07-16 13:42:00+01', '{"appointment_id":55}'::jsonb, 'omar.yahyaoui125@topnet.tn', NULL, NULL, '2026-07-16 13:42:44+01', 'SENT', 'Rappel de rendez-vous', 'APPOINTMENT_REMINDER', 17);
INSERT INTO notifications (appointment_id, body, channels, correlation_id, created_at, data, email, emergency_id, read_at, sent_at, status, title, type, user_id) VALUES (56, 'Rappel: vous avez rendez-vous aujourd''hui (16/07/2026) au centre de don. Merci d''arriver 10 minutes en avance.', 'IN_APP,EMAIL', 'corr_3c29c7285d81aa11ecff7a67', '2026-07-16 13:54:00+01', '{"appointment_id":56}'::jsonb, 'asma.guesmi320@gnet.tn', NULL, NULL, '2026-07-16 13:54:09+01', 'SENT', 'Rappel de rendez-vous', 'APPOINTMENT_REMINDER', 21);
INSERT INTO notifications (appointment_id, body, channels, correlation_id, created_at, data, email, emergency_id, read_at, sent_at, status, title, type, user_id) VALUES (57, 'Rappel: vous avez rendez-vous aujourd''hui (16/07/2026) au centre de don. Merci d''arriver 10 minutes en avance.', 'IN_APP,EMAIL', 'corr_58ef093f0eab7e8de2df9864', '2026-07-16 14:05:00+01', '{"appointment_id":57}'::jsonb, 'walid.ouali248@topnet.tn', NULL, NULL, '2026-07-16 14:05:17+01', 'SENT', 'Rappel de rendez-vous', 'APPOINTMENT_REMINDER', 23);
INSERT INTO notifications (appointment_id, body, channels, correlation_id, created_at, data, email, emergency_id, read_at, sent_at, status, title, type, user_id) VALUES (58, 'Rappel: vous avez rendez-vous aujourd''hui (16/07/2026) au centre de don. Merci d''arriver 10 minutes en avance.', 'IN_APP,EMAIL', 'corr_db803c7182c0ee540d14b4b2', '2026-07-16 13:10:00+01', '{"appointment_id":58}'::jsonb, 'mohamed.nasri411@topnet.tn', NULL, NULL, '2026-07-16 13:10:40+01', 'SENT', 'Rappel de rendez-vous', 'APPOINTMENT_REMINDER', 25);
INSERT INTO notifications (appointment_id, body, channels, correlation_id, created_at, data, email, emergency_id, read_at, sent_at, status, title, type, user_id) VALUES (59, 'Rappel: vous avez rendez-vous aujourd''hui (16/07/2026) au centre de don. Merci d''arriver 10 minutes en avance.', 'IN_APP,EMAIL', 'corr_d891cdbfbde3850020fae9c2', '2026-07-16 13:17:00+01', '{"appointment_id":59}'::jsonb, 'amine.sassi450@gmail.com', NULL, NULL, '2026-07-16 13:17:40+01', 'SENT', 'Rappel de rendez-vous', 'APPOINTMENT_REMINDER', 27);
INSERT INTO notifications (appointment_id, body, channels, correlation_id, created_at, data, email, emergency_id, read_at, sent_at, status, title, type, user_id) VALUES (60, 'Rappel: vous avez rendez-vous aujourd''hui (16/07/2026) au centre de don. Merci d''arriver 10 minutes en avance.', 'IN_APP,EMAIL', 'corr_7ded01977aa5813a08779dbc', '2026-07-16 13:00:00+01', '{"appointment_id":60}'::jsonb, 'chedi.gharbi641@topnet.tn', NULL, NULL, '2026-07-16 13:00:55+01', 'SENT', 'Rappel de rendez-vous', 'APPOINTMENT_REMINDER', 29);

-- =========================================================
-- Sequence / identity alignment
-- =========================================================
SELECT setval('emergency_request_seq', 59, true);
SELECT setval('slot_seq', 60, true);
SELECT setval('appointment_seq', 60, true);